연번,평일/주말,호선,역변호,출발역,상하구분,5:30,6:00,6:30,7:00,7:30,8:00,8:30,9:00,9:30,10:00,10:30,11:00,11:30,12:00,12:30,13:00,13:30,14:00,14:30,15:00,15:30,16:00,16:30,17:00,17:30,18:00,18:30,19:00,19:30,20:00,20:30,21:00,21:30,22:00,22:30,23:00,23:30,0:00,0:30,
1,,1,150,서울역,상선,,,,,,,,,,,,,,,,,,,,,,,,,,,,,,,,,,,,,,,,
2,,1,150,서울역,하선,,,,,,,,,,,,,,,,,,,,,,,,,,,,,,,,,,,,,,,,
3,,1,151,시청,상선,,,,,,,,,,,,,,,,,,,,,,,,,,,,,,,,,,,,,,,,
4,,1,151,시청,하선,,,,,,,,,,,,,,,,,,,,,,,,,,,,,,,,,,,,,,,,
5,,1,152,종각,상선,,,,,,,,,,,,,,,,,,,,,,,,,,,,,,,,,,,,,,,,
6,,1,152,종각,하선,,,,,,,,,,,,,,,,,,,,,,,,,,,,,,,,,,,,,,,,
7,,1,153,종로3가,상선,,,,,,,,,,,,,,,,,,,,,,,,,,,,,,,,,,,,,,,,
8,,1,153,종로3가,하선,,,,,,,,,,,,,,,,,,,,,,,,,,,,,,,,,,,,,,,,
9,,1,154,종로5가,상선,,,,,,,,,,,,,,,,,,,,,,,,,,,,,,,,,,,,,,,,
10,,1,154,종로5가,하선,,,,,,,,,,,,,,,,,,,,,,,,,,,,,,,,,,,,,,,,
11,,1,155,동대문,상선,,,,,,,,,,,,,,,,,,,,,,,,,,,,,,,,,,,,,,,,
12,,1,155,동대문,하선,,,,,,,,,,,,,,,,,,,,,,,,,,,,,,,,,,,,,,,,
13,,1,156,신설동,상선,,,,,,,,,,,,,,,,,,,,,,,,,,,,,,,,,,,,,,,,
14,,1,156,신설동,하선,,,,,,,,,,,,,,,,,,,,,,,,,,,,,,,,,,,,,,,,
15,,1,157,제기동,상선,,,,,,,,,,,,,,,,,,,,,,,,,,,,,,,,,,,,,,,,
16,,1,157,제기동,하선,,,,,,,,,,,,,,,,,,,,,,,,,,,,,,,,,,,,,,,,
17,,1,158,청량리,상선,,,,,,,,,,,,,,,,,,,,,,,,,,,,,,,,,,,,,,,,
18,,1,158,청량리,하선,,,,,,,,,,,,,,,,,,,,,,,,,,,,,,,,,,,,,,,,
19,,1,159,동묘앞,상선,,,,,,,,,,,,,,,,,,,,,,,,,,,,,,,,,,,,,,,,
20,,1,159,동묘앞,하선,,,,,,,,,,,,,,,,,,,,,,,,,,,,,,,,,,,,,,,,
21,,2,201,시청,상선,,,,,,,,,,,,,,,,,,,,,,,,,,,,,,,,,,,,,,,,
22,,2,201,시청,하선,,,,,,,,,,,,,,,,,,,,,,,,,,,,,,,,,,,,,,,,
23,,2,202,을지로입구,상선,,,,,,,,,,,,,,,,,,,,,,,,,,,,,,,,,,,,,,,,
24,,2,202,을지로입구,하선,,,,,,,,,,,,,,,,,,,,,,,,,,,,,,,,,,,,,,,,
25,,2,203,을지로3가,상선,,,,,,,,,,,,,,,,,,,,,,,,,,,,,,,,,,,,,,,,
26,,2,203,을지로3가,하선,,,,,,,,,,,,,,,,,,,,,,,,,,,,,,,,,,,,,,,,
27,,2,204,을지로4가,상선,,,,,,,,,,,,,,,,,,,,,,,,,,,,,,,,,,,,,,,,
28,,2,204,을지로4가,하선,,,,,,,,,,,,,,,,,,,,,,,,,,,,,,,,,,,,,,,,
29,,2,205,동대문역사문화공원,상선,,,,,,,,,,,,,,,,,,,,,,,,,,,,,,,,,,,,,,,,
30,,2,205,동대문역사문화공원,하선,,,,,,,,,,,,,,,,,,,,,,,,,,,,,,,,,,,,,,,,
31,,2,206,신당,상선,,,,,,,,,,,,,,,,,,,,,,,,,,,,,,,,,,,,,,,,
32,,2,206,신당,하선,,,,,,,,,,,,,,,,,,,,,,,,,,,,,,,,,,,,,,,,
33,,2,207,상왕십리,상선,,,,,,,,,,,,,,,,,,,,,,,,,,,,,,,,,,,,,,,,
34,,2,207,상왕십리,하선,,,,,,,,,,,,,,,,,,,,,,,,,,,,,,,,,,,,,,,,
35,,2,208,왕십리,상선,,,,,,,,,,,,,,,,,,,,,,,,,,,,,,,,,,,,,,,,
36,,2,208,왕십리,하선,,,,,,,,,,,,,,,,,,,,,,,,,,,,,,,,,,,,,,,,
37,,2,209,한양대,상선,,,,,,,,,,,,,,,,,,,,,,,,,,,,,,,,,,,,,,,,
38,,2,209,한양대,하선,,,,,,,,,,,,,,,,,,,,,,,,,,,,,,,,,,,,,,,,
39,,2,210,뚝섬,상선,,,,,,,,,,,,,,,,,,,,,,,,,,,,,,,,,,,,,,,,
40,,2,210,뚝섬,하선,,,,,,,,,,,,,,,,,,,,,,,,,,,,,,,,,,,,,,,,
41,,2,211,성수,상선,,,,,,,,,,,,,,,,,,,,,,,,,,,,,,,,,,,,,,,,
42,,2,211,성수,하선,,,,,,,,,,,,,,,,,,,,,,,,,,,,,,,,,,,,,,,,
43,,2,212,건대입구,상선,,,,,,,,,,,,,,,,,,,,,,,,,,,,,,,,,,,,,,,,
44,,2,212,건대입구,하선,,,,,,,,,,,,,,,,,,,,,,,,,,,,,,,,,,,,,,,,
45,,2,213,구의,상선,,,,,,,,,,,,,,,,,,,,,,,,,,,,,,,,,,,,,,,,
46,,2,213,구의,하선,,,,,,,,,,,,,,,,,,,,,,,,,,,,,,,,,,,,,,,,
47,,2,214,강변,상선,,,,,,,,,,,,,,,,,,,,,,,,,,,,,,,,,,,,,,,,
48,,2,214,강변,하선,,,,,,,,,,,,,,,,,,,,,,,,,,,,,,,,,,,,,,,,
49,,2,215,잠실나루,상선,,,,,,,,,,,,,,,,,,,,,,,,,,,,,,,,,,,,,,,,
50,,2,215,잠실나루,하선,,,,,,,,,,,,,,,,,,,,,,,,,,,,,,,,,,,,,,,,
51,,2,216,잠실,상선,,,,,,,,,,,,,,,,,,,,,,,,,,,,,,,,,,,,,,,,
52,,2,216,잠실,하선,,,,,,,,,,,,,,,,,,,,,,,,,,,,,,,,,,,,,,,,
53,,2,217,잠실새내,상선,,,,,,,,,,,,,,,,,,,,,,,,,,,,,,,,,,,,,,,,
54,,2,217,잠실새내,하선,,,,,,,,,,,,,,,,,,,,,,,,,,,,,,,,,,,,,,,,
55,,2,218,종합운동장,상선,,,,,,,,,,,,,,,,,,,,,,,,,,,,,,,,,,,,,,,,
56,,2,218,종합운동장,하선,,,,,,,,,,,,,,,,,,,,,,,,,,,,,,,,,,,,,,,,
57,,2,219,삼성,상선,,,,,,,,,,,,,,,,,,,,,,,,,,,,,,,,,,,,,,,,
58,,2,219,삼성,하선,,,,,,,,,,,,,,,,,,,,,,,,,,,,,,,,,,,,,,,,
59,,2,220,선릉,상선,,,,,,,,,,,,,,,,,,,,,,,,,,,,,,,,,,,,,,,,
60,,2,220,선릉,하선,,,,,,,,,,,,,,,,,,,,,,,,,,,,,,,,,,,,,,,,
61,,2,221,역삼,상선,,,,,,,,,,,,,,,,,,,,,,,,,,,,,,,,,,,,,,,,
62,,2,221,역삼,하선,,,,,,,,,,,,,,,,,,,,,,,,,,,,,,,,,,,,,,,,
63,,2,222,강남,상선,,,,,,,,,,,,,,,,,,,,,,,,,,,,,,,,,,,,,,,,
64,,2,222,강남,하선,,,,,,,,,,,,,,,,,,,,,,,,,,,,,,,,,,,,,,,,
65,,2,223,교대,상선,,,,,,,,,,,,,,,,,,,,,,,,,,,,,,,,,,,,,,,,
66,,2,223,교대,하선,,,,,,,,,,,,,,,,,,,,,,,,,,,,,,,,,,,,,,,,
67,,2,224,서초,상선,,,,,,,,,,,,,,,,,,,,,,,,,,,,,,,,,,,,,,,,
68,,2,224,서초,하선,,,,,,,,,,,,,,,,,,,,,,,,,,,,,,,,,,,,,,,,
69,,2,225,방배,상선,,,,,,,,,,,,,,,,,,,,,,,,,,,,,,,,,,,,,,,,
70,,2,225,방배,하선,,,,,,,,,,,,,,,,,,,,,,,,,,,,,,,,,,,,,,,,
71,,2,226,사당,상선,,,,,,,,,,,,,,,,,,,,,,,,,,,,,,,,,,,,,,,,
72,,2,226,사당,하선,,,,,,,,,,,,,,,,,,,,,,,,,,,,,,,,,,,,,,,,
73,,2,227,낙성대,상선,,,,,,,,,,,,,,,,,,,,,,,,,,,,,,,,,,,,,,,,
74,,2,227,낙성대,하선,,,,,,,,,,,,,,,,,,,,,,,,,,,,,,,,,,,,,,,,
75,,2,228,서울대입구,상선,,,,,,,,,,,,,,,,,,,,,,,,,,,,,,,,,,,,,,,,
76,,2,228,서울대입구,하선,,,,,,,,,,,,,,,,,,,,,,,,,,,,,,,,,,,,,,,,
77,,2,229,봉천,상선,,,,,,,,,,,,,,,,,,,,,,,,,,,,,,,,,,,,,,,,
78,,2,229,봉천,하선,,,,,,,,,,,,,,,,,,,,,,,,,,,,,,,,,,,,,,,,
79,,2,230,신림,상선,,,,,,,,,,,,,,,,,,,,,,,,,,,,,,,,,,,,,,,,
80,,2,230,신림,하선,,,,,,,,,,,,,,,,,,,,,,,,,,,,,,,,,,,,,,,,
81,,2,231,신대방,상선,,,,,,,,,,,,,,,,,,,,,,,,,,,,,,,,,,,,,,,,
82,,2,231,신대방,하선,,,,,,,,,,,,,,,,,,,,,,,,,,,,,,,,,,,,,,,,
83,,2,232,구로디지털단지,상선,,,,,,,,,,,,,,,,,,,,,,,,,,,,,,,,,,,,,,,,
84,,2,232,구로디지털단지,하선,,,,,,,,,,,,,,,,,,,,,,,,,,,,,,,,,,,,,,,,
85,,2,233,대림,상선,,,,,,,,,,,,,,,,,,,,,,,,,,,,,,,,,,,,,,,,
86,,2,233,대림,하선,,,,,,,,,,,,,,,,,,,,,,,,,,,,,,,,,,,,,,,,
87,,2,234,신도림,상선,,,,,,,,,,,,,,,,,,,,,,,,,,,,,,,,,,,,,,,,
88,,2,234,신도림,하선,,,,,,,,,,,,,,,,,,,,,,,,,,,,,,,,,,,,,,,,
89,,2,235,문래,상선,,,,,,,,,,,,,,,,,,,,,,,,,,,,,,,,,,,,,,,,
90,,2,235,문래,하선,,,,,,,,,,,,,,,,,,,,,,,,,,,,,,,,,,,,,,,,
91,,2,236,영등포구청,상선,,,,,,,,,,,,,,,,,,,,,,,,,,,,,,,,,,,,,,,,
92,,2,236,영등포구청,하선,,,,,,,,,,,,,,,,,,,,,,,,,,,,,,,,,,,,,,,,
93,,2,237,당산,상선,,,,,,,,,,,,,,,,,,,,,,,,,,,,,,,,,,,,,,,,
94,,2,237,당산,하선,,,,,,,,,,,,,,,,,,,,,,,,,,,,,,,,,,,,,,,,
95,,2,238,합정,상선,,,,,,,,,,,,,,,,,,,,,,,,,,,,,,,,,,,,,,,,
96,,2,238,합정,하선,,,,,,,,,,,,,,,,,,,,,,,,,,,,,,,,,,,,,,,,
97,,2,239,홍대입구,상선,,,,,,,,,,,,,,,,,,,,,,,,,,,,,,,,,,,,,,,,
98,,2,239,홍대입구,하선,,,,,,,,,,,,,,,,,,,,,,,,,,,,,,,,,,,,,,,,
99,,2,240,신촌(지하),상선,,,,,,,,,,,,,,,,,,,,,,,,,,,,,,,,,,,,,,,,
100,,2,240,신촌(지하),하선,,,,,,,,,,,,,,,,,,,,,,,,,,,,,,,,,,,,,,,,
101,,2,241,이대,상선,,,,,,,,,,,,,,,,,,,,,,,,,,,,,,,,,,,,,,,,
102,,2,241,이대,하선,,,,,,,,,,,,,,,,,,,,,,,,,,,,,,,,,,,,,,,,
103,,2,242,아현,상선,,,,,,,,,,,,,,,,,,,,,,,,,,,,,,,,,,,,,,,,
104,,2,242,아현,하선,,,,,,,,,,,,,,,,,,,,,,,,,,,,,,,,,,,,,,,,
105,,2,243,충정로,상선,,,,,,,,,,,,,,,,,,,,,,,,,,,,,,,,,,,,,,,,
106,,2,243,충정로,하선,,,,,,,,,,,,,,,,,,,,,,,,,,,,,,,,,,,,,,,,
107,,2,244,용답,상선,,,,,,,,,,,,,,,,,,,,,,,,,,,,,,,,,,,,,,,,
108,,2,244,용답,하선,,,,,,,,,,,,,,,,,,,,,,,,,,,,,,,,,,,,,,,,
109,,2,245,신답,상선,,,,,,,,,,,,,,,,,,,,,,,,,,,,,,,,,,,,,,,,
110,,2,245,신답,하선,,,,,,,,,,,,,,,,,,,,,,,,,,,,,,,,,,,,,,,,
111,,2,246,신설동,상선,,,,,,,,,,,,,,,,,,,,,,,,,,,,,,,,,,,,,,,,
112,,2,246,신설동,하선,,,,,,,,,,,,,,,,,,,,,,,,,,,,,,,,,,,,,,,,
113,,2,247,도림천,상선,,,,,,,,,,,,,,,,,,,,,,,,,,,,,,,,,,,,,,,,
114,,2,247,도림천,하선,,,,,,,,,,,,,,,,,,,,,,,,,,,,,,,,,,,,,,,,
115,,2,248,양천구청,상선,,,,,,,,,,,,,,,,,,,,,,,,,,,,,,,,,,,,,,,,
116,,2,248,양천구청,하선,,,,,,,,,,,,,,,,,,,,,,,,,,,,,,,,,,,,,,,,
117,,2,249,신정네거리,상선,,,,,,,,,,,,,,,,,,,,,,,,,,,,,,,,,,,,,,,,
118,,2,249,신정네거리,하선,,,,,,,,,,,,,,,,,,,,,,,,,,,,,,,,,,,,,,,,
119,,2,250,용두,상선,,,,,,,,,,,,,,,,,,,,,,,,,,,,,,,,,,,,,,,,
120,,2,250,용두,하선,,,,,,,,,,,,,,,,,,,,,,,,,,,,,,,,,,,,,,,,
121,,2,260,까치산,상선,,,,,,,,,,,,,,,,,,,,,,,,,,,,,,,,,,,,,,,,
122,,2,260,까치산,하선,,,,,,,,,,,,,,,,,,,,,,,,,,,,,,,,,,,,,,,,
123,,2,9001,성수E,상선,,,,,,,,,,,,,,,,,,,,,,,,,,,,,,,,,,,,,,,,
124,,2,9001,성수E,하선,,,,,,,,,,,,,,,,,,,,,,,,,,,,,,,,,,,,,,,,
125,,2,9002,성수,상선,,,,,,,,,,,,,,,,,,,,,,,,,,,,,,,,,,,,,,,,
126,,2,9002,성수,하선,,,,,,,,,,,,,,,,,,,,,,,,,,,,,,,,,,,,,,,,
127,,2,9003,신도림,상선,,,,,,,,,,,,,,,,,,,,,,,,,,,,,,,,,,,,,,,,
128,,2,9003,신도림,하선,,,,,,,,,,,,,,,,,,,,,,,,,,,,,,,,,,,,,,,,
129,,3,309,지축,상선,,,,,,,,,,,,,,,,,,,,,,,,,,,,,,,,,,,,,,,,
130,,3,309,지축,하선,,,,,,,,,,,,,,,,,,,,,,,,,,,,,,,,,,,,,,,,
131,,3,310,구파발,상선,,,,,,,,,,,,,,,,,,,,,,,,,,,,,,,,,,,,,,,,
132,,3,310,구파발,하선,,,,,,,,,,,,,,,,,,,,,,,,,,,,,,,,,,,,,,,,
133,,3,311,연신내,상선,,,,,,,,,,,,,,,,,,,,,,,,,,,,,,,,,,,,,,,,
134,,3,311,연신내,하선,,,,,,,,,,,,,,,,,,,,,,,,,,,,,,,,,,,,,,,,
135,,3,312,불광,상선,,,,,,,,,,,,,,,,,,,,,,,,,,,,,,,,,,,,,,,,
136,,3,312,불광,하선,,,,,,,,,,,,,,,,,,,,,,,,,,,,,,,,,,,,,,,,
137,,3,313,녹번,상선,,,,,,,,,,,,,,,,,,,,,,,,,,,,,,,,,,,,,,,,
138,,3,313,녹번,하선,,,,,,,,,,,,,,,,,,,,,,,,,,,,,,,,,,,,,,,,
139,,3,314,홍제,상선,,,,,,,,,,,,,,,,,,,,,,,,,,,,,,,,,,,,,,,,
140,,3,314,홍제,하선,,,,,,,,,,,,,,,,,,,,,,,,,,,,,,,,,,,,,,,,
141,,3,315,무악재,상선,,,,,,,,,,,,,,,,,,,,,,,,,,,,,,,,,,,,,,,,
142,,3,315,무악재,하선,,,,,,,,,,,,,,,,,,,,,,,,,,,,,,,,,,,,,,,,
143,,3,316,독립문,상선,,,,,,,,,,,,,,,,,,,,,,,,,,,,,,,,,,,,,,,,
144,,3,316,독립문,하선,,,,,,,,,,,,,,,,,,,,,,,,,,,,,,,,,,,,,,,,
145,,3,317,경복궁,상선,,,,,,,,,,,,,,,,,,,,,,,,,,,,,,,,,,,,,,,,
146,,3,317,경복궁,하선,,,,,,,,,,,,,,,,,,,,,,,,,,,,,,,,,,,,,,,,
147,,3,318,안국,상선,,,,,,,,,,,,,,,,,,,,,,,,,,,,,,,,,,,,,,,,
148,,3,318,안국,하선,,,,,,,,,,,,,,,,,,,,,,,,,,,,,,,,,,,,,,,,
149,,3,319,종로3가,상선,,,,,,,,,,,,,,,,,,,,,,,,,,,,,,,,,,,,,,,,
150,,3,319,종로3가,하선,,,,,,,,,,,,,,,,,,,,,,,,,,,,,,,,,,,,,,,,
151,,3,320,을지로3가,상선,,,,,,,,,,,,,,,,,,,,,,,,,,,,,,,,,,,,,,,,
152,,3,320,을지로3가,하선,,,,,,,,,,,,,,,,,,,,,,,,,,,,,,,,,,,,,,,,
153,,3,321,충무로,상선,,,,,,,,,,,,,,,,,,,,,,,,,,,,,,,,,,,,,,,,
154,,3,321,충무로,하선,,,,,,,,,,,,,,,,,,,,,,,,,,,,,,,,,,,,,,,,
155,,3,322,동대입구,상선,,,,,,,,,,,,,,,,,,,,,,,,,,,,,,,,,,,,,,,,
156,,3,322,동대입구,하선,,,,,,,,,,,,,,,,,,,,,,,,,,,,,,,,,,,,,,,,
157,,3,323,약수,상선,,,,,,,,,,,,,,,,,,,,,,,,,,,,,,,,,,,,,,,,
158,,3,323,약수,하선,,,,,,,,,,,,,,,,,,,,,,,,,,,,,,,,,,,,,,,,
159,,3,324,금호,상선,,,,,,,,,,,,,,,,,,,,,,,,,,,,,,,,,,,,,,,,
160,,3,324,금호,하선,,,,,,,,,,,,,,,,,,,,,,,,,,,,,,,,,,,,,,,,
161,,3,325,옥수,상선,,,,,,,,,,,,,,,,,,,,,,,,,,,,,,,,,,,,,,,,
162,,3,325,옥수,하선,,,,,,,,,,,,,,,,,,,,,,,,,,,,,,,,,,,,,,,,
163,,3,326,압구정,상선,,,,,,,,,,,,,,,,,,,,,,,,,,,,,,,,,,,,,,,,
164,,3,326,압구정,하선,,,,,,,,,,,,,,,,,,,,,,,,,,,,,,,,,,,,,,,,
165,,3,327,신사,상선,,,,,,,,,,,,,,,,,,,,,,,,,,,,,,,,,,,,,,,,
166,,3,327,신사,하선,,,,,,,,,,,,,,,,,,,,,,,,,,,,,,,,,,,,,,,,
167,,3,328,잠원,상선,,,,,,,,,,,,,,,,,,,,,,,,,,,,,,,,,,,,,,,,
168,,3,328,잠원,하선,,,,,,,,,,,,,,,,,,,,,,,,,,,,,,,,,,,,,,,,
169,,3,329,고속터미널,상선,,,,,,,,,,,,,,,,,,,,,,,,,,,,,,,,,,,,,,,,
170,,3,329,고속터미널,하선,,,,,,,,,,,,,,,,,,,,,,,,,,,,,,,,,,,,,,,,
171,,3,330,교대,상선,,,,,,,,,,,,,,,,,,,,,,,,,,,,,,,,,,,,,,,,
172,,3,330,교대,하선,,,,,,,,,,,,,,,,,,,,,,,,,,,,,,,,,,,,,,,,
173,,3,331,남부터미널,상선,,,,,,,,,,,,,,,,,,,,,,,,,,,,,,,,,,,,,,,,
174,,3,331,남부터미널,하선,,,,,,,,,,,,,,,,,,,,,,,,,,,,,,,,,,,,,,,,
175,,3,332,양재,상선,,,,,,,,,,,,,,,,,,,,,,,,,,,,,,,,,,,,,,,,
176,,3,332,양재,하선,,,,,,,,,,,,,,,,,,,,,,,,,,,,,,,,,,,,,,,,
177,,3,333,매봉,상선,,,,,,,,,,,,,,,,,,,,,,,,,,,,,,,,,,,,,,,,
178,,3,333,매봉,하선,,,,,,,,,,,,,,,,,,,,,,,,,,,,,,,,,,,,,,,,
179,,3,334,도곡,상선,,,,,,,,,,,,,,,,,,,,,,,,,,,,,,,,,,,,,,,,
180,,3,334,도곡,하선,,,,,,,,,,,,,,,,,,,,,,,,,,,,,,,,,,,,,,,,
181,,3,335,대치,상선,,,,,,,,,,,,,,,,,,,,,,,,,,,,,,,,,,,,,,,,
182,,3,335,대치,하선,,,,,,,,,,,,,,,,,,,,,,,,,,,,,,,,,,,,,,,,
183,,3,336,학여울,상선,,,,,,,,,,,,,,,,,,,,,,,,,,,,,,,,,,,,,,,,
184,,3,336,학여울,하선,,,,,,,,,,,,,,,,,,,,,,,,,,,,,,,,,,,,,,,,
185,,3,337,대청,상선,,,,,,,,,,,,,,,,,,,,,,,,,,,,,,,,,,,,,,,,
186,,3,337,대청,하선,,,,,,,,,,,,,,,,,,,,,,,,,,,,,,,,,,,,,,,,
187,,3,338,일원,상선,,,,,,,,,,,,,,,,,,,,,,,,,,,,,,,,,,,,,,,,
188,,3,338,일원,하선,,,,,,,,,,,,,,,,,,,,,,,,,,,,,,,,,,,,,,,,
189,,3,339,수서,상선,,,,,,,,,,,,,,,,,,,,,,,,,,,,,,,,,,,,,,,,
190,,3,339,수서,하선,,,,,,,,,,,,,,,,,,,,,,,,,,,,,,,,,,,,,,,,
191,,3,340,가락시장,상선,,,,,,,,,,,,,,,,,,,,,,,,,,,,,,,,,,,,,,,,
192,,3,340,가락시장,하선,,,,,,,,,,,,,,,,,,,,,,,,,,,,,,,,,,,,,,,,
193,,3,341,경찰병원,상선,,,,,,,,,,,,,,,,,,,,,,,,,,,,,,,,,,,,,,,,
194,,3,341,경찰병원,하선,,,,,,,,,,,,,,,,,,,,,,,,,,,,,,,,,,,,,,,,
195,,3,342,오금,상선,,,,,,,,,,,,,,,,,,,,,,,,,,,,,,,,,,,,,,,,
196,,3,342,오금,하선,,,,,,,,,,,,,,,,,,,,,,,,,,,,,,,,,,,,,,,,
197,,4,409,당고개,상선,,,,,,,,,,,,,,,,,,,,,,,,,,,,,,,,,,,,,,,,
198,,4,409,당고개,하선,,,,,,,,,,,,,,,,,,,,,,,,,,,,,,,,,,,,,,,,
199,,4,410,상계,상선,,,,,,,,,,,,,,,,,,,,,,,,,,,,,,,,,,,,,,,,
200,,4,410,상계,하선,,,,,,,,,,,,,,,,,,,,,,,,,,,,,,,,,,,,,,,,
201,,4,411,노원,상선,,,,,,,,,,,,,,,,,,,,,,,,,,,,,,,,,,,,,,,,
202,,4,411,노원,하선,,,,,,,,,,,,,,,,,,,,,,,,,,,,,,,,,,,,,,,,
203,,4,412,창동,상선,,,,,,,,,,,,,,,,,,,,,,,,,,,,,,,,,,,,,,,,
204,,4,412,창동,하선,,,,,,,,,,,,,,,,,,,,,,,,,,,,,,,,,,,,,,,,
205,,4,413,쌍문,상선,,,,,,,,,,,,,,,,,,,,,,,,,,,,,,,,,,,,,,,,
206,,4,413,쌍문,하선,,,,,,,,,,,,,,,,,,,,,,,,,,,,,,,,,,,,,,,,
207,,4,414,수유,상선,,,,,,,,,,,,,,,,,,,,,,,,,,,,,,,,,,,,,,,,
208,,4,414,수유,하선,,,,,,,,,,,,,,,,,,,,,,,,,,,,,,,,,,,,,,,,
209,,4,415,미아,상선,,,,,,,,,,,,,,,,,,,,,,,,,,,,,,,,,,,,,,,,
210,,4,415,미아,하선,,,,,,,,,,,,,,,,,,,,,,,,,,,,,,,,,,,,,,,,
211,,4,416,미아사거리,상선,,,,,,,,,,,,,,,,,,,,,,,,,,,,,,,,,,,,,,,,
212,,4,416,미아사거리,하선,,,,,,,,,,,,,,,,,,,,,,,,,,,,,,,,,,,,,,,,
213,,4,417,길음,상선,,,,,,,,,,,,,,,,,,,,,,,,,,,,,,,,,,,,,,,,
214,,4,417,길음,하선,,,,,,,,,,,,,,,,,,,,,,,,,,,,,,,,,,,,,,,,
215,,4,418,성신여대입구,상선,,,,,,,,,,,,,,,,,,,,,,,,,,,,,,,,,,,,,,,,
216,,4,418,성신여대입구,하선,,,,,,,,,,,,,,,,,,,,,,,,,,,,,,,,,,,,,,,,
217,,4,419,한성대입구,상선,,,,,,,,,,,,,,,,,,,,,,,,,,,,,,,,,,,,,,,,
218,,4,419,한성대입구,하선,,,,,,,,,,,,,,,,,,,,,,,,,,,,,,,,,,,,,,,,
219,,4,420,혜화,상선,,,,,,,,,,,,,,,,,,,,,,,,,,,,,,,,,,,,,,,,
220,,4,420,혜화,하선,,,,,,,,,,,,,,,,,,,,,,,,,,,,,,,,,,,,,,,,
221,,4,421,동대문,상선,,,,,,,,,,,,,,,,,,,,,,,,,,,,,,,,,,,,,,,,
222,,4,421,동대문,하선,,,,,,,,,,,,,,,,,,,,,,,,,,,,,,,,,,,,,,,,
223,,4,422,동대문역사문화공원,상선,,,,,,,,,,,,,,,,,,,,,,,,,,,,,,,,,,,,,,,,
224,,4,422,동대문역사문화공원,하선,,,,,,,,,,,,,,,,,,,,,,,,,,,,,,,,,,,,,,,,
225,,4,423,충무로,상선,,,,,,,,,,,,,,,,,,,,,,,,,,,,,,,,,,,,,,,,
226,,4,423,충무로,하선,,,,,,,,,,,,,,,,,,,,,,,,,,,,,,,,,,,,,,,,
227,,4,424,명동,상선,,,,,,,,,,,,,,,,,,,,,,,,,,,,,,,,,,,,,,,,
228,,4,424,명동,하선,,,,,,,,,,,,,,,,,,,,,,,,,,,,,,,,,,,,,,,,
229,,4,425,회현,상선,,,,,,,,,,,,,,,,,,,,,,,,,,,,,,,,,,,,,,,,
230,,4,425,회현,하선,,,,,,,,,,,,,,,,,,,,,,,,,,,,,,,,,,,,,,,,
231,,4,426,서울역,상선,,,,,,,,,,,,,,,,,,,,,,,,,,,,,,,,,,,,,,,,
232,,4,426,서울역,하선,,,,,,,,,,,,,,,,,,,,,,,,,,,,,,,,,,,,,,,,
233,,4,427,숙대입구,상선,,,,,,,,,,,,,,,,,,,,,,,,,,,,,,,,,,,,,,,,
234,,4,427,숙대입구,하선,,,,,,,,,,,,,,,,,,,,,,,,,,,,,,,,,,,,,,,,
235,,4,428,삼각지,상선,,,,,,,,,,,,,,,,,,,,,,,,,,,,,,,,,,,,,,,,
236,,4,428,삼각지,하선,,,,,,,,,,,,,,,,,,,,,,,,,,,,,,,,,,,,,,,,
237,,4,429,신용산,상선,,,,,,,,,,,,,,,,,,,,,,,,,,,,,,,,,,,,,,,,
238,,4,429,신용산,하선,,,,,,,,,,,,,,,,,,,,,,,,,,,,,,,,,,,,,,,,
239,,4,430,이촌,상선,,,,,,,,,,,,,,,,,,,,,,,,,,,,,,,,,,,,,,,,
240,,4,430,이촌,하선,,,,,,,,,,,,,,,,,,,,,,,,,,,,,,,,,,,,,,,,
241,,4,431,동작,상선,,,,,,,,,,,,,,,,,,,,,,,,,,,,,,,,,,,,,,,,
242,,4,431,동작,하선,,,,,,,,,,,,,,,,,,,,,,,,,,,,,,,,,,,,,,,,
243,,4,432,총신대입구,상선,,,,,,,,,,,,,,,,,,,,,,,,,,,,,,,,,,,,,,,,
244,,4,432,총신대입구,하선,,,,,,,,,,,,,,,,,,,,,,,,,,,,,,,,,,,,,,,,
245,,4,433,사당,상선,,,,,,,,,,,,,,,,,,,,,,,,,,,,,,,,,,,,,,,,
246,,4,433,사당,하선,,,,,,,,,,,,,,,,,,,,,,,,,,,,,,,,,,,,,,,,
247,,4,434,남태령,상선,,,,,,,,,,,,,,,,,,,,,,,,,,,,,,,,,,,,,,,,
248,,4,434,남태령,하선,,,,,,,,,,,,,,,,,,,,,,,,,,,,,,,,,,,,,,,,
249,,5,2511,방화,상선,,,,,,,,,,,,,,,,,,,,,,,,,,,,,,,,,,,,,,,,
250,,5,2511,방화,하선,,,,,,,,,,,,,,,,,,,,,,,,,,,,,,,,,,,,,,,,
251,,5,2512,개화산,상선,,,,,,,,,,,,,,,,,,,,,,,,,,,,,,,,,,,,,,,,
252,,5,2512,개화산,하선,,,,,,,,,,,,,,,,,,,,,,,,,,,,,,,,,,,,,,,,
253,,5,2513,김포공항,상선,,,,,,,,,,,,,,,,,,,,,,,,,,,,,,,,,,,,,,,,
254,,5,2513,김포공항,하선,,,,,,,,,,,,,,,,,,,,,,,,,,,,,,,,,,,,,,,,
255,,5,2514,송정,상선,,,,,,,,,,,,,,,,,,,,,,,,,,,,,,,,,,,,,,,,
256,,5,2514,송정,하선,,,,,,,,,,,,,,,,,,,,,,,,,,,,,,,,,,,,,,,,
257,,5,2515,마곡,상선,,,,,,,,,,,,,,,,,,,,,,,,,,,,,,,,,,,,,,,,
258,,5,2515,마곡,하선,,,,,,,,,,,,,,,,,,,,,,,,,,,,,,,,,,,,,,,,
259,,5,2516,발산,상선,,,,,,,,,,,,,,,,,,,,,,,,,,,,,,,,,,,,,,,,
260,,5,2516,발산,하선,,,,,,,,,,,,,,,,,,,,,,,,,,,,,,,,,,,,,,,,
261,,5,2517,우장산,상선,,,,,,,,,,,,,,,,,,,,,,,,,,,,,,,,,,,,,,,,
262,,5,2517,우장산,하선,,,,,,,,,,,,,,,,,,,,,,,,,,,,,,,,,,,,,,,,
263,,5,2518,화곡,상선,,,,,,,,,,,,,,,,,,,,,,,,,,,,,,,,,,,,,,,,
264,,5,2518,화곡,하선,,,,,,,,,,,,,,,,,,,,,,,,,,,,,,,,,,,,,,,,
265,,5,2519,까치산,상선,,,,,,,,,,,,,,,,,,,,,,,,,,,,,,,,,,,,,,,,
266,,5,2519,까치산,하선,,,,,,,,,,,,,,,,,,,,,,,,,,,,,,,,,,,,,,,,
267,,5,2520,신정,상선,,,,,,,,,,,,,,,,,,,,,,,,,,,,,,,,,,,,,,,,
268,,5,2520,신정,하선,,,,,,,,,,,,,,,,,,,,,,,,,,,,,,,,,,,,,,,,
269,,5,2521,목동,상선,,,,,,,,,,,,,,,,,,,,,,,,,,,,,,,,,,,,,,,,
270,,5,2521,목동,하선,,,,,,,,,,,,,,,,,,,,,,,,,,,,,,,,,,,,,,,,
271,,5,2522,오목교,상선,,,,,,,,,,,,,,,,,,,,,,,,,,,,,,,,,,,,,,,,
272,,5,2522,오목교,하선,,,,,,,,,,,,,,,,,,,,,,,,,,,,,,,,,,,,,,,,
273,,5,2523,양평,상선,,,,,,,,,,,,,,,,,,,,,,,,,,,,,,,,,,,,,,,,
274,,5,2523,양평,하선,,,,,,,,,,,,,,,,,,,,,,,,,,,,,,,,,,,,,,,,
275,,5,2524,영등포구청,상선,,,,,,,,,,,,,,,,,,,,,,,,,,,,,,,,,,,,,,,,
276,,5,2524,영등포구청,하선,,,,,,,,,,,,,,,,,,,,,,,,,,,,,,,,,,,,,,,,
277,,5,2525,영등포시장,상선,,,,,,,,,,,,,,,,,,,,,,,,,,,,,,,,,,,,,,,,
278,,5,2525,영등포시장,하선,,,,,,,,,,,,,,,,,,,,,,,,,,,,,,,,,,,,,,,,
279,,5,2526,신길,상선,,,,,,,,,,,,,,,,,,,,,,,,,,,,,,,,,,,,,,,,
280,,5,2526,신길,하선,,,,,,,,,,,,,,,,,,,,,,,,,,,,,,,,,,,,,,,,
281,,5,2527,여의도,상선,,,,,,,,,,,,,,,,,,,,,,,,,,,,,,,,,,,,,,,,
282,,5,2527,여의도,하선,,,,,,,,,,,,,,,,,,,,,,,,,,,,,,,,,,,,,,,,
283,,5,2528,여의나루,상선,,,,,,,,,,,,,,,,,,,,,,,,,,,,,,,,,,,,,,,,
284,,5,2528,여의나루,하선,,,,,,,,,,,,,,,,,,,,,,,,,,,,,,,,,,,,,,,,
285,,5,2529,마포,상선,,,,,,,,,,,,,,,,,,,,,,,,,,,,,,,,,,,,,,,,
286,,5,2529,마포,하선,,,,,,,,,,,,,,,,,,,,,,,,,,,,,,,,,,,,,,,,
287,,5,2530,공덕,상선,,,,,,,,,,,,,,,,,,,,,,,,,,,,,,,,,,,,,,,,
288,,5,2530,공덕,하선,,,,,,,,,,,,,,,,,,,,,,,,,,,,,,,,,,,,,,,,
289,,5,2531,애오개,상선,,,,,,,,,,,,,,,,,,,,,,,,,,,,,,,,,,,,,,,,
290,,5,2531,애오개,하선,,,,,,,,,,,,,,,,,,,,,,,,,,,,,,,,,,,,,,,,
291,,5,2532,충정로,상선,,,,,,,,,,,,,,,,,,,,,,,,,,,,,,,,,,,,,,,,
292,,5,2532,충정로,하선,,,,,,,,,,,,,,,,,,,,,,,,,,,,,,,,,,,,,,,,
293,,5,2533,서대문,상선,,,,,,,,,,,,,,,,,,,,,,,,,,,,,,,,,,,,,,,,
294,,5,2533,서대문,하선,,,,,,,,,,,,,,,,,,,,,,,,,,,,,,,,,,,,,,,,
295,,5,2534,광화문,상선,,,,,,,,,,,,,,,,,,,,,,,,,,,,,,,,,,,,,,,,
296,,5,2534,광화문,하선,,,,,,,,,,,,,,,,,,,,,,,,,,,,,,,,,,,,,,,,
297,,5,2535,종로3가,상선,,,,,,,,,,,,,,,,,,,,,,,,,,,,,,,,,,,,,,,,
298,,5,2535,종로3가,하선,,,,,,,,,,,,,,,,,,,,,,,,,,,,,,,,,,,,,,,,
299,,5,2536,을지로4가,상선,,,,,,,,,,,,,,,,,,,,,,,,,,,,,,,,,,,,,,,,
300,,5,2536,을지로4가,하선,,,,,,,,,,,,,,,,,,,,,,,,,,,,,,,,,,,,,,,,
301,,5,2537,동대문역사문화공원,상선,,,,,,,,,,,,,,,,,,,,,,,,,,,,,,,,,,,,,,,,
302,,5,2537,동대문역사문화공원,하선,,,,,,,,,,,,,,,,,,,,,,,,,,,,,,,,,,,,,,,,
303,,5,2538,청구,상선,,,,,,,,,,,,,,,,,,,,,,,,,,,,,,,,,,,,,,,,
304,,5,2538,청구,하선,,,,,,,,,,,,,,,,,,,,,,,,,,,,,,,,,,,,,,,,
305,,5,2539,신금호,상선,,,,,,,,,,,,,,,,,,,,,,,,,,,,,,,,,,,,,,,,
306,,5,2539,신금호,하선,,,,,,,,,,,,,,,,,,,,,,,,,,,,,,,,,,,,,,,,
307,,5,2540,행당,상선,,,,,,,,,,,,,,,,,,,,,,,,,,,,,,,,,,,,,,,,
308,,5,2540,행당,하선,,,,,,,,,,,,,,,,,,,,,,,,,,,,,,,,,,,,,,,,
309,,5,2541,왕십리,상선,,,,,,,,,,,,,,,,,,,,,,,,,,,,,,,,,,,,,,,,
310,,5,2541,왕십리,하선,,,,,,,,,,,,,,,,,,,,,,,,,,,,,,,,,,,,,,,,
311,,5,2542,마장,상선,,,,,,,,,,,,,,,,,,,,,,,,,,,,,,,,,,,,,,,,
312,,5,2542,마장,하선,,,,,,,,,,,,,,,,,,,,,,,,,,,,,,,,,,,,,,,,
313,,5,2543,답십리,상선,,,,,,,,,,,,,,,,,,,,,,,,,,,,,,,,,,,,,,,,
314,,5,2543,답십리,하선,,,,,,,,,,,,,,,,,,,,,,,,,,,,,,,,,,,,,,,,
315,,5,2544,장한평,상선,,,,,,,,,,,,,,,,,,,,,,,,,,,,,,,,,,,,,,,,
316,,5,2544,장한평,하선,,,,,,,,,,,,,,,,,,,,,,,,,,,,,,,,,,,,,,,,
317,,5,2545,군자,상선,,,,,,,,,,,,,,,,,,,,,,,,,,,,,,,,,,,,,,,,
318,,5,2545,군자,하선,,,,,,,,,,,,,,,,,,,,,,,,,,,,,,,,,,,,,,,,
319,,5,2546,아차산,상선,,,,,,,,,,,,,,,,,,,,,,,,,,,,,,,,,,,,,,,,
320,,5,2546,아차산,하선,,,,,,,,,,,,,,,,,,,,,,,,,,,,,,,,,,,,,,,,
321,,5,2547,광나루,상선,,,,,,,,,,,,,,,,,,,,,,,,,,,,,,,,,,,,,,,,
322,,5,2547,광나루,하선,,,,,,,,,,,,,,,,,,,,,,,,,,,,,,,,,,,,,,,,
323,,5,2548,천호,상선,,,,,,,,,,,,,,,,,,,,,,,,,,,,,,,,,,,,,,,,
324,,5,2548,천호,하선,,,,,,,,,,,,,,,,,,,,,,,,,,,,,,,,,,,,,,,,
325,,5,2549,강동(하남),상선,,,,,,,,,,,,,,,,,,,,,,,,,,,,,,,,,,,,,,,,
326,,5,2549,강동(하남),하선,,,,,,,,,,,,,,,,,,,,,,,,,,,,,,,,,,,,,,,,
327,,5,2550,길동,상선,,,,,,,,,,,,,,,,,,,,,,,,,,,,,,,,,,,,,,,,
328,,5,2550,길동,하선,,,,,,,,,,,,,,,,,,,,,,,,,,,,,,,,,,,,,,,,
329,,5,2551,굽은다리,상선,,,,,,,,,,,,,,,,,,,,,,,,,,,,,,,,,,,,,,,,
330,,5,2551,굽은다리,하선,,,,,,,,,,,,,,,,,,,,,,,,,,,,,,,,,,,,,,,,
331,,5,2552,명일,상선,,,,,,,,,,,,,,,,,,,,,,,,,,,,,,,,,,,,,,,,
332,,5,2552,명일,하선,,,,,,,,,,,,,,,,,,,,,,,,,,,,,,,,,,,,,,,,
333,,5,2553,고덕,상선,,,,,,,,,,,,,,,,,,,,,,,,,,,,,,,,,,,,,,,,
334,,5,2553,고덕,하선,,,,,,,,,,,,,,,,,,,,,,,,,,,,,,,,,,,,,,,,
335,,5,2554,상일동,상선,,,,,,,,,,,,,,,,,,,,,,,,,,,,,,,,,,,,,,,,
336,,5,2554,상일동,하선,,,,,,,,,,,,,,,,,,,,,,,,,,,,,,,,,,,,,,,,
337,,5,2555,둔촌동,상선,,,,,,,,,,,,,,,,,,,,,,,,,,,,,,,,,,,,,,,,
338,,5,2555,둔촌동,하선,,,,,,,,,,,,,,,,,,,,,,,,,,,,,,,,,,,,,,,,
339,,5,2556,올림픽공원(한국체대),상선,,,,,,,,,,,,,,,,,,,,,,,,,,,,,,,,,,,,,,,,
340,,5,2556,올림픽공원(한국체대),하선,,,,,,,,,,,,,,,,,,,,,,,,,,,,,,,,,,,,,,,,
341,,5,2557,방이,상선,,,,,,,,,,,,,,,,,,,,,,,,,,,,,,,,,,,,,,,,
342,,5,2557,방이,하선,,,,,,,,,,,,,,,,,,,,,,,,,,,,,,,,,,,,,,,,
343,,5,2558,오금,상선,,,,,,,,,,,,,,,,,,,,,,,,,,,,,,,,,,,,,,,,
344,,5,2558,오금,하선,,,,,,,,,,,,,,,,,,,,,,,,,,,,,,,,,,,,,,,,
345,,5,2559,개롱,상선,,,,,,,,,,,,,,,,,,,,,,,,,,,,,,,,,,,,,,,,
346,,5,2559,개롱,하선,,,,,,,,,,,,,,,,,,,,,,,,,,,,,,,,,,,,,,,,
347,,5,2560,거여,상선,,,,,,,,,,,,,,,,,,,,,,,,,,,,,,,,,,,,,,,,
348,,5,2560,거여,하선,,,,,,,,,,,,,,,,,,,,,,,,,,,,,,,,,,,,,,,,
349,,5,2561,마천,상선,,,,,,,,,,,,,,,,,,,,,,,,,,,,,,,,,,,,,,,,
350,,5,2561,마천,하선,,,,,,,,,,,,,,,,,,,,,,,,,,,,,,,,,,,,,,,,
351,,5,2562,강일,상선,,,,,,,,,,,,,,,,,,,,,,,,,,,,,,,,,,,,,,,,
352,,5,2562,강일,하선,,,,,,,,,,,,,,,,,,,,,,,,,,,,,,,,,,,,,,,,
353,,5,2563,미사,상선,,,,,,,,,,,,,,,,,,,,,,,,,,,,,,,,,,,,,,,,
354,,5,2563,미사,하선,,,,,,,,,,,,,,,,,,,,,,,,,,,,,,,,,,,,,,,,
355,,5,2564,하남풍산,상선,,,,,,,,,,,,,,,,,,,,,,,,,,,,,,,,,,,,,,,,
356,,5,2564,하남풍산,하선,,,,,,,,,,,,,,,,,,,,,,,,,,,,,,,,,,,,,,,,
357,,5,2565,하남시청,상선,,,,,,,,,,,,,,,,,,,,,,,,,,,,,,,,,,,,,,,,
358,,5,2565,하남시청,하선,,,,,,,,,,,,,,,,,,,,,,,,,,,,,,,,,,,,,,,,
359,,5,2566,하남검단산,상선,,,,,,,,,,,,,,,,,,,,,,,,,,,,,,,,,,,,,,,,
360,,5,2566,하남검단산,하선,,,,,,,,,,,,,,,,,,,,,,,,,,,,,,,,,,,,,,,,
361,,5,9005,강동(마천),상선,,,,,,,,,,,,,,,,,,,,,,,,,,,,,,,,,,,,,,,,
362,,5,9005,강동(마천),하선,,,,,,,,,,,,,,,,,,,,,,,,,,,,,,,,,,,,,,,,
363,,6,2611,응암,상선,,,,,,,,,,,,,,,,,,,,,,,,,,,,,,,,,,,,,,,,
364,,6,2611,응암,하선,,,,,,,,,,,,,,,,,,,,,,,,,,,,,,,,,,,,,,,,
365,,6,2612,역촌,상선,,,,,,,,,,,,,,,,,,,,,,,,,,,,,,,,,,,,,,,,
366,,6,2613,불광,하선,,,,,,,,,,,,,,,,,,,,,,,,,,,,,,,,,,,,,,,,
367,,6,2614,독바위,상선,,,,,,,,,,,,,,,,,,,,,,,,,,,,,,,,,,,,,,,,
368,,6,2615,연신내,하선,,,,,,,,,,,,,,,,,,,,,,,,,,,,,,,,,,,,,,,,
369,,6,2616,구산,상선,,,,,,,,,,,,,,,,,,,,,,,,,,,,,,,,,,,,,,,,
370,,6,2617,새절,하선,,,,,,,,,,,,,,,,,,,,,,,,,,,,,,,,,,,,,,,,
371,,6,2617,새절,상선,,,,,,,,,,,,,,,,,,,,,,,,,,,,,,,,,,,,,,,,
372,,6,2618,증산,하선,,,,,,,,,,,,,,,,,,,,,,,,,,,,,,,,,,,,,,,,
373,,6,2618,증산,상선,,,,,,,,,,,,,,,,,,,,,,,,,,,,,,,,,,,,,,,,
374,,6,2619,디지털미디어시티,하선,,,,,,,,,,,,,,,,,,,,,,,,,,,,,,,,,,,,,,,,
375,,6,2619,디지털미디어시티,상선,,,,,,,,,,,,,,,,,,,,,,,,,,,,,,,,,,,,,,,,
376,,6,2620,월드컵경기장,하선,,,,,,,,,,,,,,,,,,,,,,,,,,,,,,,,,,,,,,,,
377,,6,2620,월드컵경기장,상선,,,,,,,,,,,,,,,,,,,,,,,,,,,,,,,,,,,,,,,,
378,,6,2621,마포구청,하선,,,,,,,,,,,,,,,,,,,,,,,,,,,,,,,,,,,,,,,,
379,,6,2621,마포구청,상선,,,,,,,,,,,,,,,,,,,,,,,,,,,,,,,,,,,,,,,,
380,,6,2622,망원,하선,,,,,,,,,,,,,,,,,,,,,,,,,,,,,,,,,,,,,,,,
381,,6,2622,망원,상선,,,,,,,,,,,,,,,,,,,,,,,,,,,,,,,,,,,,,,,,
382,,6,2623,합정,하선,,,,,,,,,,,,,,,,,,,,,,,,,,,,,,,,,,,,,,,,
383,,6,2623,합정,상선,,,,,,,,,,,,,,,,,,,,,,,,,,,,,,,,,,,,,,,,
384,,6,2624,상수,하선,,,,,,,,,,,,,,,,,,,,,,,,,,,,,,,,,,,,,,,,
385,,6,2624,상수,상선,,,,,,,,,,,,,,,,,,,,,,,,,,,,,,,,,,,,,,,,
386,,6,2625,광흥창,하선,,,,,,,,,,,,,,,,,,,,,,,,,,,,,,,,,,,,,,,,
387,,6,2625,광흥창,상선,,,,,,,,,,,,,,,,,,,,,,,,,,,,,,,,,,,,,,,,
388,,6,2626,대흥,하선,,,,,,,,,,,,,,,,,,,,,,,,,,,,,,,,,,,,,,,,
389,,6,2626,대흥,상선,,,,,,,,,,,,,,,,,,,,,,,,,,,,,,,,,,,,,,,,
390,,6,2627,공덕,하선,,,,,,,,,,,,,,,,,,,,,,,,,,,,,,,,,,,,,,,,
391,,6,2627,공덕,상선,,,,,,,,,,,,,,,,,,,,,,,,,,,,,,,,,,,,,,,,
392,,6,2628,효창공원앞,하선,,,,,,,,,,,,,,,,,,,,,,,,,,,,,,,,,,,,,,,,
393,,6,2628,효창공원앞,상선,,,,,,,,,,,,,,,,,,,,,,,,,,,,,,,,,,,,,,,,
394,,6,2629,삼각지,하선,,,,,,,,,,,,,,,,,,,,,,,,,,,,,,,,,,,,,,,,
395,,6,2629,삼각지,상선,,,,,,,,,,,,,,,,,,,,,,,,,,,,,,,,,,,,,,,,
396,,6,2630,녹사평,하선,,,,,,,,,,,,,,,,,,,,,,,,,,,,,,,,,,,,,,,,
397,,6,2630,녹사평,상선,,,,,,,,,,,,,,,,,,,,,,,,,,,,,,,,,,,,,,,,
398,,6,2631,이태원,하선,,,,,,,,,,,,,,,,,,,,,,,,,,,,,,,,,,,,,,,,
399,,6,2631,이태원,상선,,,,,,,,,,,,,,,,,,,,,,,,,,,,,,,,,,,,,,,,
400,,6,2632,한강진,하선,,,,,,,,,,,,,,,,,,,,,,,,,,,,,,,,,,,,,,,,
401,,6,2632,한강진,상선,,,,,,,,,,,,,,,,,,,,,,,,,,,,,,,,,,,,,,,,
402,,6,2633,버티고개,하선,,,,,,,,,,,,,,,,,,,,,,,,,,,,,,,,,,,,,,,,
403,,6,2633,버티고개,상선,,,,,,,,,,,,,,,,,,,,,,,,,,,,,,,,,,,,,,,,
404,,6,2634,약수,하선,,,,,,,,,,,,,,,,,,,,,,,,,,,,,,,,,,,,,,,,
405,,6,2634,약수,상선,,,,,,,,,,,,,,,,,,,,,,,,,,,,,,,,,,,,,,,,
406,,6,2635,청구,하선,,,,,,,,,,,,,,,,,,,,,,,,,,,,,,,,,,,,,,,,
407,,6,2635,청구,상선,,,,,,,,,,,,,,,,,,,,,,,,,,,,,,,,,,,,,,,,
408,,6,2636,신당,하선,,,,,,,,,,,,,,,,,,,,,,,,,,,,,,,,,,,,,,,,
409,,6,2636,신당,상선,,,,,,,,,,,,,,,,,,,,,,,,,,,,,,,,,,,,,,,,
410,,6,2637,동묘앞,하선,,,,,,,,,,,,,,,,,,,,,,,,,,,,,,,,,,,,,,,,
411,,6,2637,동묘앞,상선,,,,,,,,,,,,,,,,,,,,,,,,,,,,,,,,,,,,,,,,
412,,6,2638,창신,하선,,,,,,,,,,,,,,,,,,,,,,,,,,,,,,,,,,,,,,,,
413,,6,2638,창신,상선,,,,,,,,,,,,,,,,,,,,,,,,,,,,,,,,,,,,,,,,
414,,6,2639,보문,하선,,,,,,,,,,,,,,,,,,,,,,,,,,,,,,,,,,,,,,,,
415,,6,2639,보문,상선,,,,,,,,,,,,,,,,,,,,,,,,,,,,,,,,,,,,,,,,
416,,6,2640,안암,하선,,,,,,,,,,,,,,,,,,,,,,,,,,,,,,,,,,,,,,,,
417,,6,2640,안암,상선,,,,,,,,,,,,,,,,,,,,,,,,,,,,,,,,,,,,,,,,
418,,6,2641,고려대,하선,,,,,,,,,,,,,,,,,,,,,,,,,,,,,,,,,,,,,,,,
419,,6,2641,고려대,상선,,,,,,,,,,,,,,,,,,,,,,,,,,,,,,,,,,,,,,,,
420,,6,2642,월곡,하선,,,,,,,,,,,,,,,,,,,,,,,,,,,,,,,,,,,,,,,,
421,,6,2642,월곡,상선,,,,,,,,,,,,,,,,,,,,,,,,,,,,,,,,,,,,,,,,
422,,6,2643,상월곡,하선,,,,,,,,,,,,,,,,,,,,,,,,,,,,,,,,,,,,,,,,
423,,6,2643,상월곡,상선,,,,,,,,,,,,,,,,,,,,,,,,,,,,,,,,,,,,,,,,
424,,6,2644,돌곶이,하선,,,,,,,,,,,,,,,,,,,,,,,,,,,,,,,,,,,,,,,,
425,,6,2644,돌곶이,상선,,,,,,,,,,,,,,,,,,,,,,,,,,,,,,,,,,,,,,,,
426,,6,2645,석계,하선,,,,,,,,,,,,,,,,,,,,,,,,,,,,,,,,,,,,,,,,
427,,6,2645,석계,상선,,,,,,,,,,,,,,,,,,,,,,,,,,,,,,,,,,,,,,,,
428,,6,2646,태릉입구,하선,,,,,,,,,,,,,,,,,,,,,,,,,,,,,,,,,,,,,,,,
429,,6,2646,태릉입구,상선,,,,,,,,,,,,,,,,,,,,,,,,,,,,,,,,,,,,,,,,
430,,6,2647,화랑대,하선,,,,,,,,,,,,,,,,,,,,,,,,,,,,,,,,,,,,,,,,
431,,6,2647,화랑대,상선,,,,,,,,,,,,,,,,,,,,,,,,,,,,,,,,,,,,,,,,
432,,6,2648,봉화산,하선,,,,,,,,,,,,,,,,,,,,,,,,,,,,,,,,,,,,,,,,
433,,6,2648,봉화산,상선,,,,,,,,,,,,,,,,,,,,,,,,,,,,,,,,,,,,,,,,
434,,6,2649,신내,하선,,,,,,,,,,,,,,,,,,,,,,,,,,,,,,,,,,,,,,,,
435,,6,2649,신내,상선,,,,,,,,,,,,,,,,,,,,,,,,,,,,,,,,,,,,,,,,
436,,6,9006,응암S,하선,,,,,,,,,,,,,,,,,,,,,,,,,,,,,,,,,,,,,,,,
437,,7,2711,장암,상선,,,,,,,,,,,,,,,,,,,,,,,,,,,,,,,,,,,,,,,,
438,,7,2711,장암,하선,,,,,,,,,,,,,,,,,,,,,,,,,,,,,,,,,,,,,,,,
439,,7,2712,도봉산,상선,,,,,,,,,,,,,,,,,,,,,,,,,,,,,,,,,,,,,,,,
440,,7,2712,도봉산,하선,,,,,,,,,,,,,,,,,,,,,,,,,,,,,,,,,,,,,,,,
441,,7,2713,수락산,상선,,,,,,,,,,,,,,,,,,,,,,,,,,,,,,,,,,,,,,,,
442,,7,2713,수락산,하선,,,,,,,,,,,,,,,,,,,,,,,,,,,,,,,,,,,,,,,,
443,,7,2714,마들,상선,,,,,,,,,,,,,,,,,,,,,,,,,,,,,,,,,,,,,,,,
444,,7,2714,마들,하선,,,,,,,,,,,,,,,,,,,,,,,,,,,,,,,,,,,,,,,,
445,,7,2715,노원,상선,,,,,,,,,,,,,,,,,,,,,,,,,,,,,,,,,,,,,,,,
446,,7,2715,노원,하선,,,,,,,,,,,,,,,,,,,,,,,,,,,,,,,,,,,,,,,,
447,,7,2716,중계,상선,,,,,,,,,,,,,,,,,,,,,,,,,,,,,,,,,,,,,,,,
448,,7,2716,중계,하선,,,,,,,,,,,,,,,,,,,,,,,,,,,,,,,,,,,,,,,,
449,,7,2717,하계,상선,,,,,,,,,,,,,,,,,,,,,,,,,,,,,,,,,,,,,,,,
450,,7,2717,하계,하선,,,,,,,,,,,,,,,,,,,,,,,,,,,,,,,,,,,,,,,,
451,,7,2718,공릉,상선,,,,,,,,,,,,,,,,,,,,,,,,,,,,,,,,,,,,,,,,
452,,7,2718,공릉,하선,,,,,,,,,,,,,,,,,,,,,,,,,,,,,,,,,,,,,,,,
453,,7,2719,태릉입구,상선,,,,,,,,,,,,,,,,,,,,,,,,,,,,,,,,,,,,,,,,
454,,7,2719,태릉입구,하선,,,,,,,,,,,,,,,,,,,,,,,,,,,,,,,,,,,,,,,,
455,,7,2720,먹골,상선,,,,,,,,,,,,,,,,,,,,,,,,,,,,,,,,,,,,,,,,
456,,7,2720,먹골,하선,,,,,,,,,,,,,,,,,,,,,,,,,,,,,,,,,,,,,,,,
457,,7,2721,중화,상선,,,,,,,,,,,,,,,,,,,,,,,,,,,,,,,,,,,,,,,,
458,,7,2721,중화,하선,,,,,,,,,,,,,,,,,,,,,,,,,,,,,,,,,,,,,,,,
459,,7,2722,상봉,상선,,,,,,,,,,,,,,,,,,,,,,,,,,,,,,,,,,,,,,,,
460,,7,2722,상봉,하선,,,,,,,,,,,,,,,,,,,,,,,,,,,,,,,,,,,,,,,,
461,,7,2723,면목,상선,,,,,,,,,,,,,,,,,,,,,,,,,,,,,,,,,,,,,,,,
462,,7,2723,면목,하선,,,,,,,,,,,,,,,,,,,,,,,,,,,,,,,,,,,,,,,,
463,,7,2724,사가정,상선,,,,,,,,,,,,,,,,,,,,,,,,,,,,,,,,,,,,,,,,
464,,7,2724,사가정,하선,,,,,,,,,,,,,,,,,,,,,,,,,,,,,,,,,,,,,,,,
465,,7,2725,용마산,상선,,,,,,,,,,,,,,,,,,,,,,,,,,,,,,,,,,,,,,,,
466,,7,2725,용마산,하선,,,,,,,,,,,,,,,,,,,,,,,,,,,,,,,,,,,,,,,,
467,,7,2726,중곡,상선,,,,,,,,,,,,,,,,,,,,,,,,,,,,,,,,,,,,,,,,
468,,7,2726,중곡,하선,,,,,,,,,,,,,,,,,,,,,,,,,,,,,,,,,,,,,,,,
469,,7,2727,군자,상선,,,,,,,,,,,,,,,,,,,,,,,,,,,,,,,,,,,,,,,,
470,,7,2727,군자,하선,,,,,,,,,,,,,,,,,,,,,,,,,,,,,,,,,,,,,,,,
471,,7,2728,어린이대공원,상선,,,,,,,,,,,,,,,,,,,,,,,,,,,,,,,,,,,,,,,,
472,,7,2728,어린이대공원,하선,,,,,,,,,,,,,,,,,,,,,,,,,,,,,,,,,,,,,,,,
473,,7,2729,건대입구,상선,,,,,,,,,,,,,,,,,,,,,,,,,,,,,,,,,,,,,,,,
474,,7,2729,건대입구,하선,,,,,,,,,,,,,,,,,,,,,,,,,,,,,,,,,,,,,,,,
475,,7,2730,뚝섬유원지,상선,,,,,,,,,,,,,,,,,,,,,,,,,,,,,,,,,,,,,,,,
476,,7,2730,뚝섬유원지,하선,,,,,,,,,,,,,,,,,,,,,,,,,,,,,,,,,,,,,,,,
477,,7,2731,청담,상선,,,,,,,,,,,,,,,,,,,,,,,,,,,,,,,,,,,,,,,,
478,,7,2731,청담,하선,,,,,,,,,,,,,,,,,,,,,,,,,,,,,,,,,,,,,,,,
479,,7,2732,강남구청,상선,,,,,,,,,,,,,,,,,,,,,,,,,,,,,,,,,,,,,,,,
480,,7,2732,강남구청,하선,,,,,,,,,,,,,,,,,,,,,,,,,,,,,,,,,,,,,,,,
481,,7,2733,학동,상선,,,,,,,,,,,,,,,,,,,,,,,,,,,,,,,,,,,,,,,,
482,,7,2733,학동,하선,,,,,,,,,,,,,,,,,,,,,,,,,,,,,,,,,,,,,,,,
483,,7,2734,논현,상선,,,,,,,,,,,,,,,,,,,,,,,,,,,,,,,,,,,,,,,,
484,,7,2734,논현,하선,,,,,,,,,,,,,,,,,,,,,,,,,,,,,,,,,,,,,,,,
485,,7,2735,반포,상선,,,,,,,,,,,,,,,,,,,,,,,,,,,,,,,,,,,,,,,,
486,,7,2735,반포,하선,,,,,,,,,,,,,,,,,,,,,,,,,,,,,,,,,,,,,,,,
487,,7,2736,고속터미널,상선,,,,,,,,,,,,,,,,,,,,,,,,,,,,,,,,,,,,,,,,
488,,7,2736,고속터미널,하선,,,,,,,,,,,,,,,,,,,,,,,,,,,,,,,,,,,,,,,,
489,,7,2737,내방,상선,,,,,,,,,,,,,,,,,,,,,,,,,,,,,,,,,,,,,,,,
490,,7,2737,내방,하선,,,,,,,,,,,,,,,,,,,,,,,,,,,,,,,,,,,,,,,,
491,,7,2738,총신대입구,상선,,,,,,,,,,,,,,,,,,,,,,,,,,,,,,,,,,,,,,,,
492,,7,2738,총신대입구,하선,,,,,,,,,,,,,,,,,,,,,,,,,,,,,,,,,,,,,,,,
493,,7,2739,남성,상선,,,,,,,,,,,,,,,,,,,,,,,,,,,,,,,,,,,,,,,,
494,,7,2739,남성,하선,,,,,,,,,,,,,,,,,,,,,,,,,,,,,,,,,,,,,,,,
495,,7,2740,숭실대입구,상선,,,,,,,,,,,,,,,,,,,,,,,,,,,,,,,,,,,,,,,,
496,,7,2740,숭실대입구,하선,,,,,,,,,,,,,,,,,,,,,,,,,,,,,,,,,,,,,,,,
497,,7,2741,상도,상선,,,,,,,,,,,,,,,,,,,,,,,,,,,,,,,,,,,,,,,,
498,,7,2741,상도,하선,,,,,,,,,,,,,,,,,,,,,,,,,,,,,,,,,,,,,,,,
499,,7,2742,장승배기,상선,,,,,,,,,,,,,,,,,,,,,,,,,,,,,,,,,,,,,,,,
500,,7,2742,장승배기,하선,,,,,,,,,,,,,,,,,,,,,,,,,,,,,,,,,,,,,,,,
501,,7,2743,신대방삼거리,상선,,,,,,,,,,,,,,,,,,,,,,,,,,,,,,,,,,,,,,,,
502,,7,2743,신대방삼거리,하선,,,,,,,,,,,,,,,,,,,,,,,,,,,,,,,,,,,,,,,,
503,,7,2744,보라매,상선,,,,,,,,,,,,,,,,,,,,,,,,,,,,,,,,,,,,,,,,
504,,7,2744,보라매,하선,,,,,,,,,,,,,,,,,,,,,,,,,,,,,,,,,,,,,,,,
505,,7,2745,신풍,상선,,,,,,,,,,,,,,,,,,,,,,,,,,,,,,,,,,,,,,,,
506,,7,2745,신풍,하선,,,,,,,,,,,,,,,,,,,,,,,,,,,,,,,,,,,,,,,,
507,,7,2746,대림,상선,,,,,,,,,,,,,,,,,,,,,,,,,,,,,,,,,,,,,,,,
508,,7,2746,대림,하선,,,,,,,,,,,,,,,,,,,,,,,,,,,,,,,,,,,,,,,,
509,,7,2747,남구로,상선,,,,,,,,,,,,,,,,,,,,,,,,,,,,,,,,,,,,,,,,
510,,7,2747,남구로,하선,,,,,,,,,,,,,,,,,,,,,,,,,,,,,,,,,,,,,,,,
511,,7,2748,가산디지털단지,상선,,,,,,,,,,,,,,,,,,,,,,,,,,,,,,,,,,,,,,,,
512,,7,2748,가산디지털단지,하선,,,,,,,,,,,,,,,,,,,,,,,,,,,,,,,,,,,,,,,,
513,,7,2749,철산,상선,,,,,,,,,,,,,,,,,,,,,,,,,,,,,,,,,,,,,,,,
514,,7,2749,철산,하선,,,,,,,,,,,,,,,,,,,,,,,,,,,,,,,,,,,,,,,,
515,,7,2750,광명사거리,상선,,,,,,,,,,,,,,,,,,,,,,,,,,,,,,,,,,,,,,,,
516,,7,2750,광명사거리,하선,,,,,,,,,,,,,,,,,,,,,,,,,,,,,,,,,,,,,,,,
517,,7,2751,천왕,상선,,,,,,,,,,,,,,,,,,,,,,,,,,,,,,,,,,,,,,,,
518,,7,2751,천왕,하선,,,,,,,,,,,,,,,,,,,,,,,,,,,,,,,,,,,,,,,,
519,,7,2752,온수,상선,,,,,,,,,,,,,,,,,,,,,,,,,,,,,,,,,,,,,,,,
520,,7,2752,온수,하선,,,,,,,,,,,,,,,,,,,,,,,,,,,,,,,,,,,,,,,,
521,,8,2811,암사,상선,,,,,,,,,,,,,,,,,,,,,,,,,,,,,,,,,,,,,,,,
522,,8,2811,암사,하선,,,,,,,,,,,,,,,,,,,,,,,,,,,,,,,,,,,,,,,,
523,,8,2812,천호,상선,,,,,,,,,,,,,,,,,,,,,,,,,,,,,,,,,,,,,,,,
524,,8,2812,천호,하선,,,,,,,,,,,,,,,,,,,,,,,,,,,,,,,,,,,,,,,,
525,,8,2813,강동구청,상선,,,,,,,,,,,,,,,,,,,,,,,,,,,,,,,,,,,,,,,,
526,,8,2813,강동구청,하선,,,,,,,,,,,,,,,,,,,,,,,,,,,,,,,,,,,,,,,,
527,,8,2814,몽촌토성,상선,,,,,,,,,,,,,,,,,,,,,,,,,,,,,,,,,,,,,,,,
528,,8,2814,몽촌토성,하선,,,,,,,,,,,,,,,,,,,,,,,,,,,,,,,,,,,,,,,,
529,,8,2815,잠실,상선,,,,,,,,,,,,,,,,,,,,,,,,,,,,,,,,,,,,,,,,
530,,8,2815,잠실,하선,,,,,,,,,,,,,,,,,,,,,,,,,,,,,,,,,,,,,,,,
531,,8,2816,석촌,상선,,,,,,,,,,,,,,,,,,,,,,,,,,,,,,,,,,,,,,,,
532,,8,2816,석촌,하선,,,,,,,,,,,,,,,,,,,,,,,,,,,,,,,,,,,,,,,,
533,,8,2817,송파,상선,,,,,,,,,,,,,,,,,,,,,,,,,,,,,,,,,,,,,,,,
534,,8,2817,송파,하선,,,,,,,,,,,,,,,,,,,,,,,,,,,,,,,,,,,,,,,,
535,,8,2818,가락시장,상선,,,,,,,,,,,,,,,,,,,,,,,,,,,,,,,,,,,,,,,,
536,,8,2818,가락시장,하선,,,,,,,,,,,,,,,,,,,,,,,,,,,,,,,,,,,,,,,,
537,,8,2819,문정,상선,,,,,,,,,,,,,,,,,,,,,,,,,,,,,,,,,,,,,,,,
538,,8,2819,문정,하선,,,,,,,,,,,,,,,,,,,,,,,,,,,,,,,,,,,,,,,,
539,,8,2820,장지,상선,,,,,,,,,,,,,,,,,,,,,,,,,,,,,,,,,,,,,,,,
540,,8,2820,장지,하선,,,,,,,,,,,,,,,,,,,,,,,,,,,,,,,,,,,,,,,,
541,,8,2821,복정,상선,,,,,,,,,,,,,,,,,,,,,,,,,,,,,,,,,,,,,,,,
542,,8,2821,복정,하선,,,,,,,,,,,,,,,,,,,,,,,,,,,,,,,,,,,,,,,,
543,,8,2822,산성,상선,,,,,,,,,,,,,,,,,,,,,,,,,,,,,,,,,,,,,,,,
544,,8,2822,산성,하선,,,,,,,,,,,,,,,,,,,,,,,,,,,,,,,,,,,,,,,,
545,,8,2823,남한산성입구,상선,,,,,,,,,,,,,,,,,,,,,,,,,,,,,,,,,,,,,,,,
546,,8,2823,남한산성입구,하선,,,,,,,,,,,,,,,,,,,,,,,,,,,,,,,,,,,,,,,,
547,,8,2824,단대오거리,상선,,,,,,,,,,,,,,,,,,,,,,,,,,,,,,,,,,,,,,,,
548,,8,2824,단대오거리,하선,,,,,,,,,,,,,,,,,,,,,,,,,,,,,,,,,,,,,,,,
549,,8,2825,신흥,상선,,,,,,,,,,,,,,,,,,,,,,,,,,,,,,,,,,,,,,,,
550,,8,2825,신흥,하선,,,,,,,,,,,,,,,,,,,,,,,,,,,,,,,,,,,,,,,,
551,,8,2826,수진,상선,,,,,,,,,,,,,,,,,,,,,,,,,,,,,,,,,,,,,,,,
552,,8,2826,수진,하선,,,,,,,,,,,,,,,,,,,,,,,,,,,,,,,,,,,,,,,,
553,,8,2827,모란,상선,,,,,,,,,,,,,,,,,,,,,,,,,,,,,,,,,,,,,,,,
554,,8,2827,모란,하선,,,,,,,,,,,,,,,,,,,,,,,,,,,,,,,,,,,,,,,,
555,,8,2828,남위례,상선,,,,,,,,,,,,,,,,,,,,,,,,,,,,,,,,,,,,,,,,
556,,8,2828,남위례,하선,,,,,,,,,,,,,,,,,,,,,,,,,,,,,,,,,,,,,,,,
557,,1,150,서울역,상선,,,,,,,,,,,,,,,,,,,,,,,,,,,,,,,,,,,,,,,,
558,,1,150,서울역,하선,,,,,,,,,,,,,,,,,,,,,,,,,,,,,,,,,,,,,,,,
559,,1,151,시청,상선,,,,,,,,,,,,,,,,,,,,,,,,,,,,,,,,,,,,,,,,
560,,1,151,시청,하선,,,,,,,,,,,,,,,,,,,,,,,,,,,,,,,,,,,,,,,,
561,,1,152,종각,상선,,,,,,,,,,,,,,,,,,,,,,,,,,,,,,,,,,,,,,,,
562,,1,152,종각,하선,,,,,,,,,,,,,,,,,,,,,,,,,,,,,,,,,,,,,,,,
563,,1,153,종로3가,상선,,,,,,,,,,,,,,,,,,,,,,,,,,,,,,,,,,,,,,,,
564,,1,153,종로3가,하선,,,,,,,,,,,,,,,,,,,,,,,,,,,,,,,,,,,,,,,,
565,,1,154,종로5가,상선,,,,,,,,,,,,,,,,,,,,,,,,,,,,,,,,,,,,,,,,
566,,1,154,종로5가,하선,,,,,,,,,,,,,,,,,,,,,,,,,,,,,,,,,,,,,,,,
567,,1,155,동대문,상선,,,,,,,,,,,,,,,,,,,,,,,,,,,,,,,,,,,,,,,,
568,,1,155,동대문,하선,,,,,,,,,,,,,,,,,,,,,,,,,,,,,,,,,,,,,,,,
569,,1,156,신설동,상선,,,,,,,,,,,,,,,,,,,,,,,,,,,,,,,,,,,,,,,,
570,,1,156,신설동,하선,,,,,,,,,,,,,,,,,,,,,,,,,,,,,,,,,,,,,,,,
571,,1,157,제기동,상선,,,,,,,,,,,,,,,,,,,,,,,,,,,,,,,,,,,,,,,,
572,,1,157,제기동,하선,,,,,,,,,,,,,,,,,,,,,,,,,,,,,,,,,,,,,,,,
573,,1,158,청량리,상선,,,,,,,,,,,,,,,,,,,,,,,,,,,,,,,,,,,,,,,,
574,,1,158,청량리,하선,,,,,,,,,,,,,,,,,,,,,,,,,,,,,,,,,,,,,,,,
575,,1,159,동묘앞,상선,,,,,,,,,,,,,,,,,,,,,,,,,,,,,,,,,,,,,,,,
576,,1,159,동묘앞,하선,,,,,,,,,,,,,,,,,,,,,,,,,,,,,,,,,,,,,,,,
577,,2,201,시청,상선,,,,,,,,,,,,,,,,,,,,,,,,,,,,,,,,,,,,,,,,
578,,2,201,시청,하선,,,,,,,,,,,,,,,,,,,,,,,,,,,,,,,,,,,,,,,,
579,,2,202,을지로입구,상선,,,,,,,,,,,,,,,,,,,,,,,,,,,,,,,,,,,,,,,,
580,,2,202,을지로입구,하선,,,,,,,,,,,,,,,,,,,,,,,,,,,,,,,,,,,,,,,,
581,,2,203,을지로3가,상선,,,,,,,,,,,,,,,,,,,,,,,,,,,,,,,,,,,,,,,,
582,,2,203,을지로3가,하선,,,,,,,,,,,,,,,,,,,,,,,,,,,,,,,,,,,,,,,,
583,,2,204,을지로4가,상선,,,,,,,,,,,,,,,,,,,,,,,,,,,,,,,,,,,,,,,,
584,,2,204,을지로4가,하선,,,,,,,,,,,,,,,,,,,,,,,,,,,,,,,,,,,,,,,,
585,,2,205,동대문역사문화공원,상선,,,,,,,,,,,,,,,,,,,,,,,,,,,,,,,,,,,,,,,,
586,,2,205,동대문역사문화공원,하선,,,,,,,,,,,,,,,,,,,,,,,,,,,,,,,,,,,,,,,,
587,,2,206,신당,상선,,,,,,,,,,,,,,,,,,,,,,,,,,,,,,,,,,,,,,,,
588,,2,206,신당,하선,,,,,,,,,,,,,,,,,,,,,,,,,,,,,,,,,,,,,,,,
589,,2,207,상왕십리,상선,,,,,,,,,,,,,,,,,,,,,,,,,,,,,,,,,,,,,,,,
590,,2,207,상왕십리,하선,,,,,,,,,,,,,,,,,,,,,,,,,,,,,,,,,,,,,,,,
591,,2,208,왕십리,상선,,,,,,,,,,,,,,,,,,,,,,,,,,,,,,,,,,,,,,,,
592,,2,208,왕십리,하선,,,,,,,,,,,,,,,,,,,,,,,,,,,,,,,,,,,,,,,,
593,,2,209,한양대,상선,,,,,,,,,,,,,,,,,,,,,,,,,,,,,,,,,,,,,,,,
594,,2,209,한양대,하선,,,,,,,,,,,,,,,,,,,,,,,,,,,,,,,,,,,,,,,,
595,,2,210,뚝섬,상선,,,,,,,,,,,,,,,,,,,,,,,,,,,,,,,,,,,,,,,,
596,,2,210,뚝섬,하선,,,,,,,,,,,,,,,,,,,,,,,,,,,,,,,,,,,,,,,,
597,,2,211,성수,상선,,,,,,,,,,,,,,,,,,,,,,,,,,,,,,,,,,,,,,,,
598,,2,211,성수,하선,,,,,,,,,,,,,,,,,,,,,,,,,,,,,,,,,,,,,,,,
599,,2,212,건대입구,상선,,,,,,,,,,,,,,,,,,,,,,,,,,,,,,,,,,,,,,,,
600,,2,212,건대입구,하선,,,,,,,,,,,,,,,,,,,,,,,,,,,,,,,,,,,,,,,,
601,,2,213,구의,상선,,,,,,,,,,,,,,,,,,,,,,,,,,,,,,,,,,,,,,,,
602,,2,213,구의,하선,,,,,,,,,,,,,,,,,,,,,,,,,,,,,,,,,,,,,,,,
603,,2,214,강변,상선,,,,,,,,,,,,,,,,,,,,,,,,,,,,,,,,,,,,,,,,
604,,2,214,강변,하선,,,,,,,,,,,,,,,,,,,,,,,,,,,,,,,,,,,,,,,,
605,,2,215,잠실나루,상선,,,,,,,,,,,,,,,,,,,,,,,,,,,,,,,,,,,,,,,,
606,,2,215,잠실나루,하선,,,,,,,,,,,,,,,,,,,,,,,,,,,,,,,,,,,,,,,,
607,,2,216,잠실,상선,,,,,,,,,,,,,,,,,,,,,,,,,,,,,,,,,,,,,,,,
608,,2,216,잠실,하선,,,,,,,,,,,,,,,,,,,,,,,,,,,,,,,,,,,,,,,,
609,,2,217,잠실새내,상선,,,,,,,,,,,,,,,,,,,,,,,,,,,,,,,,,,,,,,,,
610,,2,217,잠실새내,하선,,,,,,,,,,,,,,,,,,,,,,,,,,,,,,,,,,,,,,,,
611,,2,218,종합운동장,상선,,,,,,,,,,,,,,,,,,,,,,,,,,,,,,,,,,,,,,,,
612,,2,218,종합운동장,하선,,,,,,,,,,,,,,,,,,,,,,,,,,,,,,,,,,,,,,,,
613,,2,219,삼성,상선,,,,,,,,,,,,,,,,,,,,,,,,,,,,,,,,,,,,,,,,
614,,2,219,삼성,하선,,,,,,,,,,,,,,,,,,,,,,,,,,,,,,,,,,,,,,,,
615,,2,220,선릉,상선,,,,,,,,,,,,,,,,,,,,,,,,,,,,,,,,,,,,,,,,
616,,2,220,선릉,하선,,,,,,,,,,,,,,,,,,,,,,,,,,,,,,,,,,,,,,,,
617,,2,221,역삼,상선,,,,,,,,,,,,,,,,,,,,,,,,,,,,,,,,,,,,,,,,
618,,2,221,역삼,하선,,,,,,,,,,,,,,,,,,,,,,,,,,,,,,,,,,,,,,,,
619,,2,222,강남,상선,,,,,,,,,,,,,,,,,,,,,,,,,,,,,,,,,,,,,,,,
620,,2,222,강남,하선,,,,,,,,,,,,,,,,,,,,,,,,,,,,,,,,,,,,,,,,
621,,2,223,교대,상선,,,,,,,,,,,,,,,,,,,,,,,,,,,,,,,,,,,,,,,,
622,,2,223,교대,하선,,,,,,,,,,,,,,,,,,,,,,,,,,,,,,,,,,,,,,,,
623,,2,224,서초,상선,,,,,,,,,,,,,,,,,,,,,,,,,,,,,,,,,,,,,,,,
624,,2,224,서초,하선,,,,,,,,,,,,,,,,,,,,,,,,,,,,,,,,,,,,,,,,
625,,2,225,방배,상선,,,,,,,,,,,,,,,,,,,,,,,,,,,,,,,,,,,,,,,,
626,,2,225,방배,하선,,,,,,,,,,,,,,,,,,,,,,,,,,,,,,,,,,,,,,,,
627,,2,226,사당,상선,,,,,,,,,,,,,,,,,,,,,,,,,,,,,,,,,,,,,,,,
628,,2,226,사당,하선,,,,,,,,,,,,,,,,,,,,,,,,,,,,,,,,,,,,,,,,
629,,2,227,낙성대,상선,,,,,,,,,,,,,,,,,,,,,,,,,,,,,,,,,,,,,,,,
630,,2,227,낙성대,하선,,,,,,,,,,,,,,,,,,,,,,,,,,,,,,,,,,,,,,,,
631,,2,228,서울대입구,상선,,,,,,,,,,,,,,,,,,,,,,,,,,,,,,,,,,,,,,,,
632,,2,228,서울대입구,하선,,,,,,,,,,,,,,,,,,,,,,,,,,,,,,,,,,,,,,,,
633,,2,229,봉천,상선,,,,,,,,,,,,,,,,,,,,,,,,,,,,,,,,,,,,,,,,
634,,2,229,봉천,하선,,,,,,,,,,,,,,,,,,,,,,,,,,,,,,,,,,,,,,,,
635,,2,230,신림,상선,,,,,,,,,,,,,,,,,,,,,,,,,,,,,,,,,,,,,,,,
636,,2,230,신림,하선,,,,,,,,,,,,,,,,,,,,,,,,,,,,,,,,,,,,,,,,
637,,2,231,신대방,상선,,,,,,,,,,,,,,,,,,,,,,,,,,,,,,,,,,,,,,,,
638,,2,231,신대방,하선,,,,,,,,,,,,,,,,,,,,,,,,,,,,,,,,,,,,,,,,
639,,2,232,구로디지털단지,상선,,,,,,,,,,,,,,,,,,,,,,,,,,,,,,,,,,,,,,,,
640,,2,232,구로디지털단지,하선,,,,,,,,,,,,,,,,,,,,,,,,,,,,,,,,,,,,,,,,
641,,2,233,대림,상선,,,,,,,,,,,,,,,,,,,,,,,,,,,,,,,,,,,,,,,,
642,,2,233,대림,하선,,,,,,,,,,,,,,,,,,,,,,,,,,,,,,,,,,,,,,,,
643,,2,234,신도림,상선,,,,,,,,,,,,,,,,,,,,,,,,,,,,,,,,,,,,,,,,
644,,2,234,신도림,하선,,,,,,,,,,,,,,,,,,,,,,,,,,,,,,,,,,,,,,,,
645,,2,235,문래,상선,,,,,,,,,,,,,,,,,,,,,,,,,,,,,,,,,,,,,,,,
646,,2,235,문래,하선,,,,,,,,,,,,,,,,,,,,,,,,,,,,,,,,,,,,,,,,
647,,2,236,영등포구청,상선,,,,,,,,,,,,,,,,,,,,,,,,,,,,,,,,,,,,,,,,
648,,2,236,영등포구청,하선,,,,,,,,,,,,,,,,,,,,,,,,,,,,,,,,,,,,,,,,
649,,2,237,당산,상선,,,,,,,,,,,,,,,,,,,,,,,,,,,,,,,,,,,,,,,,
650,,2,237,당산,하선,,,,,,,,,,,,,,,,,,,,,,,,,,,,,,,,,,,,,,,,
651,,2,238,합정,상선,,,,,,,,,,,,,,,,,,,,,,,,,,,,,,,,,,,,,,,,
652,,2,238,합정,하선,,,,,,,,,,,,,,,,,,,,,,,,,,,,,,,,,,,,,,,,
653,,2,239,홍대입구,상선,,,,,,,,,,,,,,,,,,,,,,,,,,,,,,,,,,,,,,,,
654,,2,239,홍대입구,하선,,,,,,,,,,,,,,,,,,,,,,,,,,,,,,,,,,,,,,,,
655,,2,240,신촌(지하),상선,,,,,,,,,,,,,,,,,,,,,,,,,,,,,,,,,,,,,,,,
656,,2,240,신촌(지하),하선,,,,,,,,,,,,,,,,,,,,,,,,,,,,,,,,,,,,,,,,
657,,2,241,이대,상선,,,,,,,,,,,,,,,,,,,,,,,,,,,,,,,,,,,,,,,,
658,,2,241,이대,하선,,,,,,,,,,,,,,,,,,,,,,,,,,,,,,,,,,,,,,,,
659,,2,242,아현,상선,,,,,,,,,,,,,,,,,,,,,,,,,,,,,,,,,,,,,,,,
660,,2,242,아현,하선,,,,,,,,,,,,,,,,,,,,,,,,,,,,,,,,,,,,,,,,
661,,2,243,충정로,상선,,,,,,,,,,,,,,,,,,,,,,,,,,,,,,,,,,,,,,,,
662,,2,243,충정로,하선,,,,,,,,,,,,,,,,,,,,,,,,,,,,,,,,,,,,,,,,
663,,2,244,용답,상선,,,,,,,,,,,,,,,,,,,,,,,,,,,,,,,,,,,,,,,,
664,,2,244,용답,하선,,,,,,,,,,,,,,,,,,,,,,,,,,,,,,,,,,,,,,,,
665,,2,245,신답,상선,,,,,,,,,,,,,,,,,,,,,,,,,,,,,,,,,,,,,,,,
666,,2,245,신답,하선,,,,,,,,,,,,,,,,,,,,,,,,,,,,,,,,,,,,,,,,
667,,2,246,신설동,상선,,,,,,,,,,,,,,,,,,,,,,,,,,,,,,,,,,,,,,,,
668,,2,246,신설동,하선,,,,,,,,,,,,,,,,,,,,,,,,,,,,,,,,,,,,,,,,
669,,2,247,도림천,상선,,,,,,,,,,,,,,,,,,,,,,,,,,,,,,,,,,,,,,,,
670,,2,247,도림천,하선,,,,,,,,,,,,,,,,,,,,,,,,,,,,,,,,,,,,,,,,
671,,2,248,양천구청,상선,,,,,,,,,,,,,,,,,,,,,,,,,,,,,,,,,,,,,,,,
672,,2,248,양천구청,하선,,,,,,,,,,,,,,,,,,,,,,,,,,,,,,,,,,,,,,,,
673,,2,249,신정네거리,상선,,,,,,,,,,,,,,,,,,,,,,,,,,,,,,,,,,,,,,,,
674,,2,249,신정네거리,하선,,,,,,,,,,,,,,,,,,,,,,,,,,,,,,,,,,,,,,,,
675,,2,250,용두,상선,,,,,,,,,,,,,,,,,,,,,,,,,,,,,,,,,,,,,,,,
676,,2,250,용두,하선,,,,,,,,,,,,,,,,,,,,,,,,,,,,,,,,,,,,,,,,
677,,2,260,까치산,상선,,,,,,,,,,,,,,,,,,,,,,,,,,,,,,,,,,,,,,,,
678,,2,260,까치산,하선,,,,,,,,,,,,,,,,,,,,,,,,,,,,,,,,,,,,,,,,
679,,2,9002,성수,상선,,,,,,,,,,,,,,,,,,,,,,,,,,,,,,,,,,,,,,,,
680,,2,9002,성수,하선,,,,,,,,,,,,,,,,,,,,,,,,,,,,,,,,,,,,,,,,
681,,2,9003,신도림,상선,,,,,,,,,,,,,,,,,,,,,,,,,,,,,,,,,,,,,,,,
682,,2,9003,신도림,하선,,,,,,,,,,,,,,,,,,,,,,,,,,,,,,,,,,,,,,,,
683,,3,309,지축,상선,,,,,,,,,,,,,,,,,,,,,,,,,,,,,,,,,,,,,,,,
684,,3,309,지축,하선,,,,,,,,,,,,,,,,,,,,,,,,,,,,,,,,,,,,,,,,
685,,3,310,구파발,상선,,,,,,,,,,,,,,,,,,,,,,,,,,,,,,,,,,,,,,,,
686,,3,310,구파발,하선,,,,,,,,,,,,,,,,,,,,,,,,,,,,,,,,,,,,,,,,
687,,3,311,연신내,상선,,,,,,,,,,,,,,,,,,,,,,,,,,,,,,,,,,,,,,,,
688,,3,311,연신내,하선,,,,,,,,,,,,,,,,,,,,,,,,,,,,,,,,,,,,,,,,
689,,3,312,불광,상선,,,,,,,,,,,,,,,,,,,,,,,,,,,,,,,,,,,,,,,,
690,,3,312,불광,하선,,,,,,,,,,,,,,,,,,,,,,,,,,,,,,,,,,,,,,,,
691,,3,313,녹번,상선,,,,,,,,,,,,,,,,,,,,,,,,,,,,,,,,,,,,,,,,
692,,3,313,녹번,하선,,,,,,,,,,,,,,,,,,,,,,,,,,,,,,,,,,,,,,,,
693,,3,314,홍제,상선,,,,,,,,,,,,,,,,,,,,,,,,,,,,,,,,,,,,,,,,
694,,3,314,홍제,하선,,,,,,,,,,,,,,,,,,,,,,,,,,,,,,,,,,,,,,,,
695,,3,315,무악재,상선,,,,,,,,,,,,,,,,,,,,,,,,,,,,,,,,,,,,,,,,
696,,3,315,무악재,하선,,,,,,,,,,,,,,,,,,,,,,,,,,,,,,,,,,,,,,,,
697,,3,316,독립문,상선,,,,,,,,,,,,,,,,,,,,,,,,,,,,,,,,,,,,,,,,
698,,3,316,독립문,하선,,,,,,,,,,,,,,,,,,,,,,,,,,,,,,,,,,,,,,,,
699,,3,317,경복궁,상선,,,,,,,,,,,,,,,,,,,,,,,,,,,,,,,,,,,,,,,,
700,,3,317,경복궁,하선,,,,,,,,,,,,,,,,,,,,,,,,,,,,,,,,,,,,,,,,
701,,3,318,안국,상선,,,,,,,,,,,,,,,,,,,,,,,,,,,,,,,,,,,,,,,,
702,,3,318,안국,하선,,,,,,,,,,,,,,,,,,,,,,,,,,,,,,,,,,,,,,,,
703,,3,319,종로3가,상선,,,,,,,,,,,,,,,,,,,,,,,,,,,,,,,,,,,,,,,,
704,,3,319,종로3가,하선,,,,,,,,,,,,,,,,,,,,,,,,,,,,,,,,,,,,,,,,
705,,3,320,을지로3가,상선,,,,,,,,,,,,,,,,,,,,,,,,,,,,,,,,,,,,,,,,
706,,3,320,을지로3가,하선,,,,,,,,,,,,,,,,,,,,,,,,,,,,,,,,,,,,,,,,
707,,3,321,충무로,상선,,,,,,,,,,,,,,,,,,,,,,,,,,,,,,,,,,,,,,,,
708,,3,321,충무로,하선,,,,,,,,,,,,,,,,,,,,,,,,,,,,,,,,,,,,,,,,
709,,3,322,동대입구,상선,,,,,,,,,,,,,,,,,,,,,,,,,,,,,,,,,,,,,,,,
710,,3,322,동대입구,하선,,,,,,,,,,,,,,,,,,,,,,,,,,,,,,,,,,,,,,,,
711,,3,323,약수,상선,,,,,,,,,,,,,,,,,,,,,,,,,,,,,,,,,,,,,,,,
712,,3,323,약수,하선,,,,,,,,,,,,,,,,,,,,,,,,,,,,,,,,,,,,,,,,
713,,3,324,금호,상선,,,,,,,,,,,,,,,,,,,,,,,,,,,,,,,,,,,,,,,,
714,,3,324,금호,하선,,,,,,,,,,,,,,,,,,,,,,,,,,,,,,,,,,,,,,,,
715,,3,325,옥수,상선,,,,,,,,,,,,,,,,,,,,,,,,,,,,,,,,,,,,,,,,
716,,3,325,옥수,하선,,,,,,,,,,,,,,,,,,,,,,,,,,,,,,,,,,,,,,,,
717,,3,326,압구정,상선,,,,,,,,,,,,,,,,,,,,,,,,,,,,,,,,,,,,,,,,
718,,3,326,압구정,하선,,,,,,,,,,,,,,,,,,,,,,,,,,,,,,,,,,,,,,,,
719,,3,327,신사,상선,,,,,,,,,,,,,,,,,,,,,,,,,,,,,,,,,,,,,,,,
720,,3,327,신사,하선,,,,,,,,,,,,,,,,,,,,,,,,,,,,,,,,,,,,,,,,
721,,3,328,잠원,상선,,,,,,,,,,,,,,,,,,,,,,,,,,,,,,,,,,,,,,,,
722,,3,328,잠원,하선,,,,,,,,,,,,,,,,,,,,,,,,,,,,,,,,,,,,,,,,
723,,3,329,고속터미널,상선,,,,,,,,,,,,,,,,,,,,,,,,,,,,,,,,,,,,,,,,
724,,3,329,고속터미널,하선,,,,,,,,,,,,,,,,,,,,,,,,,,,,,,,,,,,,,,,,
725,,3,330,교대,상선,,,,,,,,,,,,,,,,,,,,,,,,,,,,,,,,,,,,,,,,
726,,3,330,교대,하선,,,,,,,,,,,,,,,,,,,,,,,,,,,,,,,,,,,,,,,,
727,,3,331,남부터미널,상선,,,,,,,,,,,,,,,,,,,,,,,,,,,,,,,,,,,,,,,,
728,,3,331,남부터미널,하선,,,,,,,,,,,,,,,,,,,,,,,,,,,,,,,,,,,,,,,,
729,,3,332,양재,상선,,,,,,,,,,,,,,,,,,,,,,,,,,,,,,,,,,,,,,,,
730,,3,332,양재,하선,,,,,,,,,,,,,,,,,,,,,,,,,,,,,,,,,,,,,,,,
731,,3,333,매봉,상선,,,,,,,,,,,,,,,,,,,,,,,,,,,,,,,,,,,,,,,,
732,,3,333,매봉,하선,,,,,,,,,,,,,,,,,,,,,,,,,,,,,,,,,,,,,,,,
733,,3,334,도곡,상선,,,,,,,,,,,,,,,,,,,,,,,,,,,,,,,,,,,,,,,,
734,,3,334,도곡,하선,,,,,,,,,,,,,,,,,,,,,,,,,,,,,,,,,,,,,,,,
735,,3,335,대치,상선,,,,,,,,,,,,,,,,,,,,,,,,,,,,,,,,,,,,,,,,
736,,3,335,대치,하선,,,,,,,,,,,,,,,,,,,,,,,,,,,,,,,,,,,,,,,,
737,,3,336,학여울,상선,,,,,,,,,,,,,,,,,,,,,,,,,,,,,,,,,,,,,,,,
738,,3,336,학여울,하선,,,,,,,,,,,,,,,,,,,,,,,,,,,,,,,,,,,,,,,,
739,,3,337,대청,상선,,,,,,,,,,,,,,,,,,,,,,,,,,,,,,,,,,,,,,,,
740,,3,337,대청,하선,,,,,,,,,,,,,,,,,,,,,,,,,,,,,,,,,,,,,,,,
741,,3,338,일원,상선,,,,,,,,,,,,,,,,,,,,,,,,,,,,,,,,,,,,,,,,
742,,3,338,일원,하선,,,,,,,,,,,,,,,,,,,,,,,,,,,,,,,,,,,,,,,,
743,,3,339,수서,상선,,,,,,,,,,,,,,,,,,,,,,,,,,,,,,,,,,,,,,,,
744,,3,339,수서,하선,,,,,,,,,,,,,,,,,,,,,,,,,,,,,,,,,,,,,,,,
745,,3,340,가락시장,상선,,,,,,,,,,,,,,,,,,,,,,,,,,,,,,,,,,,,,,,,
746,,3,340,가락시장,하선,,,,,,,,,,,,,,,,,,,,,,,,,,,,,,,,,,,,,,,,
747,,3,341,경찰병원,상선,,,,,,,,,,,,,,,,,,,,,,,,,,,,,,,,,,,,,,,,
748,,3,341,경찰병원,하선,,,,,,,,,,,,,,,,,,,,,,,,,,,,,,,,,,,,,,,,
749,,3,342,오금,상선,,,,,,,,,,,,,,,,,,,,,,,,,,,,,,,,,,,,,,,,
750,,3,342,오금,하선,,,,,,,,,,,,,,,,,,,,,,,,,,,,,,,,,,,,,,,,
751,,4,409,당고개,상선,,,,,,,,,,,,,,,,,,,,,,,,,,,,,,,,,,,,,,,,
752,,4,409,당고개,하선,,,,,,,,,,,,,,,,,,,,,,,,,,,,,,,,,,,,,,,,
753,,4,410,상계,상선,,,,,,,,,,,,,,,,,,,,,,,,,,,,,,,,,,,,,,,,
754,,4,410,상계,하선,,,,,,,,,,,,,,,,,,,,,,,,,,,,,,,,,,,,,,,,
755,,4,411,노원,상선,,,,,,,,,,,,,,,,,,,,,,,,,,,,,,,,,,,,,,,,
756,,4,411,노원,하선,,,,,,,,,,,,,,,,,,,,,,,,,,,,,,,,,,,,,,,,
757,,4,412,창동,상선,,,,,,,,,,,,,,,,,,,,,,,,,,,,,,,,,,,,,,,,
758,,4,412,창동,하선,,,,,,,,,,,,,,,,,,,,,,,,,,,,,,,,,,,,,,,,
759,,4,413,쌍문,상선,,,,,,,,,,,,,,,,,,,,,,,,,,,,,,,,,,,,,,,,
760,,4,413,쌍문,하선,,,,,,,,,,,,,,,,,,,,,,,,,,,,,,,,,,,,,,,,
761,,4,414,수유,상선,,,,,,,,,,,,,,,,,,,,,,,,,,,,,,,,,,,,,,,,
762,,4,414,수유,하선,,,,,,,,,,,,,,,,,,,,,,,,,,,,,,,,,,,,,,,,
763,,4,415,미아,상선,,,,,,,,,,,,,,,,,,,,,,,,,,,,,,,,,,,,,,,,
764,,4,415,미아,하선,,,,,,,,,,,,,,,,,,,,,,,,,,,,,,,,,,,,,,,,
765,,4,416,미아삼거리,상선,,,,,,,,,,,,,,,,,,,,,,,,,,,,,,,,,,,,,,,,
766,,4,416,미아삼거리,하선,,,,,,,,,,,,,,,,,,,,,,,,,,,,,,,,,,,,,,,,
767,,4,417,길음,상선,,,,,,,,,,,,,,,,,,,,,,,,,,,,,,,,,,,,,,,,
768,,4,417,길음,하선,,,,,,,,,,,,,,,,,,,,,,,,,,,,,,,,,,,,,,,,
769,,4,418,성신여대입구,상선,,,,,,,,,,,,,,,,,,,,,,,,,,,,,,,,,,,,,,,,
770,,4,418,성신여대입구,하선,,,,,,,,,,,,,,,,,,,,,,,,,,,,,,,,,,,,,,,,
771,,4,419,한성대입구,상선,,,,,,,,,,,,,,,,,,,,,,,,,,,,,,,,,,,,,,,,
772,,4,419,한성대입구,하선,,,,,,,,,,,,,,,,,,,,,,,,,,,,,,,,,,,,,,,,
773,,4,420,혜화,상선,,,,,,,,,,,,,,,,,,,,,,,,,,,,,,,,,,,,,,,,
774,,4,420,혜화,하선,,,,,,,,,,,,,,,,,,,,,,,,,,,,,,,,,,,,,,,,
775,,4,421,동대문,상선,,,,,,,,,,,,,,,,,,,,,,,,,,,,,,,,,,,,,,,,
776,,4,421,동대문,하선,,,,,,,,,,,,,,,,,,,,,,,,,,,,,,,,,,,,,,,,
777,,4,422,동대문역사문화공원,상선,,,,,,,,,,,,,,,,,,,,,,,,,,,,,,,,,,,,,,,,
778,,4,422,동대문역사문화공원,하선,,,,,,,,,,,,,,,,,,,,,,,,,,,,,,,,,,,,,,,,
779,,4,423,충무로,상선,,,,,,,,,,,,,,,,,,,,,,,,,,,,,,,,,,,,,,,,
780,,4,423,충무로,하선,,,,,,,,,,,,,,,,,,,,,,,,,,,,,,,,,,,,,,,,
781,,4,424,명동,상선,,,,,,,,,,,,,,,,,,,,,,,,,,,,,,,,,,,,,,,,
782,,4,424,명동,하선,,,,,,,,,,,,,,,,,,,,,,,,,,,,,,,,,,,,,,,,
783,,4,425,회현,상선,,,,,,,,,,,,,,,,,,,,,,,,,,,,,,,,,,,,,,,,
784,,4,425,회현,하선,,,,,,,,,,,,,,,,,,,,,,,,,,,,,,,,,,,,,,,,
785,,4,426,서울역,상선,,,,,,,,,,,,,,,,,,,,,,,,,,,,,,,,,,,,,,,,
786,,4,426,서울역,하선,,,,,,,,,,,,,,,,,,,,,,,,,,,,,,,,,,,,,,,,
787,,4,427,숙대입구,상선,,,,,,,,,,,,,,,,,,,,,,,,,,,,,,,,,,,,,,,,
788,,4,427,숙대입구,하선,,,,,,,,,,,,,,,,,,,,,,,,,,,,,,,,,,,,,,,,
789,,4,428,삼각지,상선,,,,,,,,,,,,,,,,,,,,,,,,,,,,,,,,,,,,,,,,
790,,4,428,삼각지,하선,,,,,,,,,,,,,,,,,,,,,,,,,,,,,,,,,,,,,,,,
791,,4,429,신용산,상선,,,,,,,,,,,,,,,,,,,,,,,,,,,,,,,,,,,,,,,,
792,,4,429,신용산,하선,,,,,,,,,,,,,,,,,,,,,,,,,,,,,,,,,,,,,,,,
793,,4,430,이촌,상선,,,,,,,,,,,,,,,,,,,,,,,,,,,,,,,,,,,,,,,,
794,,4,430,이촌,하선,,,,,,,,,,,,,,,,,,,,,,,,,,,,,,,,,,,,,,,,
795,,4,431,동작,상선,,,,,,,,,,,,,,,,,,,,,,,,,,,,,,,,,,,,,,,,
796,,4,431,동작,하선,,,,,,,,,,,,,,,,,,,,,,,,,,,,,,,,,,,,,,,,
797,,4,432,총신대입구,상선,,,,,,,,,,,,,,,,,,,,,,,,,,,,,,,,,,,,,,,,
798,,4,432,총신대입구,하선,,,,,,,,,,,,,,,,,,,,,,,,,,,,,,,,,,,,,,,,
799,,4,433,사당,상선,,,,,,,,,,,,,,,,,,,,,,,,,,,,,,,,,,,,,,,,
800,,4,433,사당,하선,,,,,,,,,,,,,,,,,,,,,,,,,,,,,,,,,,,,,,,,
801,,4,434,남태령,상선,,,,,,,,,,,,,,,,,,,,,,,,,,,,,,,,,,,,,,,,
802,,4,434,남태령,하선,,,,,,,,,,,,,,,,,,,,,,,,,,,,,,,,,,,,,,,,
803,,5,2511,방화,상선,,,,,,,,,,,,,,,,,,,,,,,,,,,,,,,,,,,,,,,,
804,,5,2511,방화,하선,,,,,,,,,,,,,,,,,,,,,,,,,,,,,,,,,,,,,,,,
805,,5,2512,개화산,상선,,,,,,,,,,,,,,,,,,,,,,,,,,,,,,,,,,,,,,,,
806,,5,2512,개화산,하선,,,,,,,,,,,,,,,,,,,,,,,,,,,,,,,,,,,,,,,,
807,,5,2513,김포공항,상선,,,,,,,,,,,,,,,,,,,,,,,,,,,,,,,,,,,,,,,,
808,,5,2513,김포공항,하선,,,,,,,,,,,,,,,,,,,,,,,,,,,,,,,,,,,,,,,,
809,,5,2514,송정,상선,,,,,,,,,,,,,,,,,,,,,,,,,,,,,,,,,,,,,,,,
810,,5,2514,송정,하선,,,,,,,,,,,,,,,,,,,,,,,,,,,,,,,,,,,,,,,,
811,,5,2515,마곡,상선,,,,,,,,,,,,,,,,,,,,,,,,,,,,,,,,,,,,,,,,
812,,5,2515,마곡,하선,,,,,,,,,,,,,,,,,,,,,,,,,,,,,,,,,,,,,,,,
813,,5,2516,발산,상선,,,,,,,,,,,,,,,,,,,,,,,,,,,,,,,,,,,,,,,,
814,,5,2516,발산,하선,,,,,,,,,,,,,,,,,,,,,,,,,,,,,,,,,,,,,,,,
815,,5,2517,우장산,상선,,,,,,,,,,,,,,,,,,,,,,,,,,,,,,,,,,,,,,,,
816,,5,2517,우장산,하선,,,,,,,,,,,,,,,,,,,,,,,,,,,,,,,,,,,,,,,,
817,,5,2518,화곡,상선,,,,,,,,,,,,,,,,,,,,,,,,,,,,,,,,,,,,,,,,
818,,5,2518,화곡,하선,,,,,,,,,,,,,,,,,,,,,,,,,,,,,,,,,,,,,,,,
819,,5,2519,까치산,상선,,,,,,,,,,,,,,,,,,,,,,,,,,,,,,,,,,,,,,,,
820,,5,2519,까치산,하선,,,,,,,,,,,,,,,,,,,,,,,,,,,,,,,,,,,,,,,,
821,,5,2520,신정,상선,,,,,,,,,,,,,,,,,,,,,,,,,,,,,,,,,,,,,,,,
822,,5,2520,신정,하선,,,,,,,,,,,,,,,,,,,,,,,,,,,,,,,,,,,,,,,,
823,,5,2521,목동,상선,,,,,,,,,,,,,,,,,,,,,,,,,,,,,,,,,,,,,,,,
824,,5,2521,목동,하선,,,,,,,,,,,,,,,,,,,,,,,,,,,,,,,,,,,,,,,,
825,,5,2522,오목교,상선,,,,,,,,,,,,,,,,,,,,,,,,,,,,,,,,,,,,,,,,
826,,5,2522,오목교,하선,,,,,,,,,,,,,,,,,,,,,,,,,,,,,,,,,,,,,,,,
827,,5,2523,양평,상선,,,,,,,,,,,,,,,,,,,,,,,,,,,,,,,,,,,,,,,,
828,,5,2523,양평,하선,,,,,,,,,,,,,,,,,,,,,,,,,,,,,,,,,,,,,,,,
829,,5,2524,영등포구청,상선,,,,,,,,,,,,,,,,,,,,,,,,,,,,,,,,,,,,,,,,
830,,5,2524,영등포구청,하선,,,,,,,,,,,,,,,,,,,,,,,,,,,,,,,,,,,,,,,,
831,,5,2525,영등포시장,상선,,,,,,,,,,,,,,,,,,,,,,,,,,,,,,,,,,,,,,,,
832,,5,2525,영등포시장,하선,,,,,,,,,,,,,,,,,,,,,,,,,,,,,,,,,,,,,,,,
833,,5,2526,신길,상선,,,,,,,,,,,,,,,,,,,,,,,,,,,,,,,,,,,,,,,,
834,,5,2526,신길,하선,,,,,,,,,,,,,,,,,,,,,,,,,,,,,,,,,,,,,,,,
835,,5,2527,여의도,상선,,,,,,,,,,,,,,,,,,,,,,,,,,,,,,,,,,,,,,,,
836,,5,2527,여의도,하선,,,,,,,,,,,,,,,,,,,,,,,,,,,,,,,,,,,,,,,,
837,,5,2528,여의나루,상선,,,,,,,,,,,,,,,,,,,,,,,,,,,,,,,,,,,,,,,,
838,,5,2528,여의나루,하선,,,,,,,,,,,,,,,,,,,,,,,,,,,,,,,,,,,,,,,,
839,,5,2529,마포,상선,,,,,,,,,,,,,,,,,,,,,,,,,,,,,,,,,,,,,,,,
840,,5,2529,마포,하선,,,,,,,,,,,,,,,,,,,,,,,,,,,,,,,,,,,,,,,,
841,,5,2530,공덕,상선,,,,,,,,,,,,,,,,,,,,,,,,,,,,,,,,,,,,,,,,
842,,5,2530,공덕,하선,,,,,,,,,,,,,,,,,,,,,,,,,,,,,,,,,,,,,,,,
843,,5,2531,애오개,상선,,,,,,,,,,,,,,,,,,,,,,,,,,,,,,,,,,,,,,,,
844,,5,2531,애오개,하선,,,,,,,,,,,,,,,,,,,,,,,,,,,,,,,,,,,,,,,,
845,,5,2532,충정로,상선,,,,,,,,,,,,,,,,,,,,,,,,,,,,,,,,,,,,,,,,
846,,5,2532,충정로,하선,,,,,,,,,,,,,,,,,,,,,,,,,,,,,,,,,,,,,,,,
847,,5,2533,서대문,상선,,,,,,,,,,,,,,,,,,,,,,,,,,,,,,,,,,,,,,,,
848,,5,2533,서대문,하선,,,,,,,,,,,,,,,,,,,,,,,,,,,,,,,,,,,,,,,,
849,,5,2534,광화문,상선,,,,,,,,,,,,,,,,,,,,,,,,,,,,,,,,,,,,,,,,
850,,5,2534,광화문,하선,,,,,,,,,,,,,,,,,,,,,,,,,,,,,,,,,,,,,,,,
851,,5,2535,종로3가,상선,,,,,,,,,,,,,,,,,,,,,,,,,,,,,,,,,,,,,,,,
852,,5,2535,종로3가,하선,,,,,,,,,,,,,,,,,,,,,,,,,,,,,,,,,,,,,,,,
853,,5,2536,을지로4가,상선,,,,,,,,,,,,,,,,,,,,,,,,,,,,,,,,,,,,,,,,
854,,5,2536,을지로4가,하선,,,,,,,,,,,,,,,,,,,,,,,,,,,,,,,,,,,,,,,,
855,,5,2537,동대문역사문화공원,상선,,,,,,,,,,,,,,,,,,,,,,,,,,,,,,,,,,,,,,,,
856,,5,2537,동대문역사문화공원,하선,,,,,,,,,,,,,,,,,,,,,,,,,,,,,,,,,,,,,,,,
857,,5,2538,청구,상선,,,,,,,,,,,,,,,,,,,,,,,,,,,,,,,,,,,,,,,,
858,,5,2538,청구,하선,,,,,,,,,,,,,,,,,,,,,,,,,,,,,,,,,,,,,,,,
859,,5,2539,신금호,상선,,,,,,,,,,,,,,,,,,,,,,,,,,,,,,,,,,,,,,,,
860,,5,2539,신금호,하선,,,,,,,,,,,,,,,,,,,,,,,,,,,,,,,,,,,,,,,,
861,,5,2540,행당,상선,,,,,,,,,,,,,,,,,,,,,,,,,,,,,,,,,,,,,,,,
862,,5,2540,행당,하선,,,,,,,,,,,,,,,,,,,,,,,,,,,,,,,,,,,,,,,,
863,,5,2541,왕십리,상선,,,,,,,,,,,,,,,,,,,,,,,,,,,,,,,,,,,,,,,,
864,,5,2541,왕십리,하선,,,,,,,,,,,,,,,,,,,,,,,,,,,,,,,,,,,,,,,,
865,,5,2542,마장,상선,,,,,,,,,,,,,,,,,,,,,,,,,,,,,,,,,,,,,,,,
866,,5,2542,마장,하선,,,,,,,,,,,,,,,,,,,,,,,,,,,,,,,,,,,,,,,,
867,,5,2543,답십리,상선,,,,,,,,,,,,,,,,,,,,,,,,,,,,,,,,,,,,,,,,
868,,5,2543,답십리,하선,,,,,,,,,,,,,,,,,,,,,,,,,,,,,,,,,,,,,,,,
869,,5,2544,장한평,상선,,,,,,,,,,,,,,,,,,,,,,,,,,,,,,,,,,,,,,,,
870,,5,2544,장한평,하선,,,,,,,,,,,,,,,,,,,,,,,,,,,,,,,,,,,,,,,,
871,,5,2545,군자,상선,,,,,,,,,,,,,,,,,,,,,,,,,,,,,,,,,,,,,,,,
872,,5,2545,군자,하선,,,,,,,,,,,,,,,,,,,,,,,,,,,,,,,,,,,,,,,,
873,,5,2546,아차산,상선,,,,,,,,,,,,,,,,,,,,,,,,,,,,,,,,,,,,,,,,
874,,5,2546,아차산,하선,,,,,,,,,,,,,,,,,,,,,,,,,,,,,,,,,,,,,,,,
875,,5,2547,광나루,상선,,,,,,,,,,,,,,,,,,,,,,,,,,,,,,,,,,,,,,,,
876,,5,2547,광나루,하선,,,,,,,,,,,,,,,,,,,,,,,,,,,,,,,,,,,,,,,,
877,,5,2548,천호,상선,,,,,,,,,,,,,,,,,,,,,,,,,,,,,,,,,,,,,,,,
878,,5,2548,천호,하선,,,,,,,,,,,,,,,,,,,,,,,,,,,,,,,,,,,,,,,,
879,,5,2549,강동,상선,,,,,,,,,,,,,,,,,,,,,,,,,,,,,,,,,,,,,,,,
880,,5,2549,강동,하선,,,,,,,,,,,,,,,,,,,,,,,,,,,,,,,,,,,,,,,,
881,,5,2550,길동,상선,,,,,,,,,,,,,,,,,,,,,,,,,,,,,,,,,,,,,,,,
882,,5,2550,길동,하선,,,,,,,,,,,,,,,,,,,,,,,,,,,,,,,,,,,,,,,,
883,,5,2551,굽은다리,상선,,,,,,,,,,,,,,,,,,,,,,,,,,,,,,,,,,,,,,,,
884,,5,2551,굽은다리,하선,,,,,,,,,,,,,,,,,,,,,,,,,,,,,,,,,,,,,,,,
885,,5,2552,명일,상선,,,,,,,,,,,,,,,,,,,,,,,,,,,,,,,,,,,,,,,,
886,,5,2552,명일,하선,,,,,,,,,,,,,,,,,,,,,,,,,,,,,,,,,,,,,,,,
887,,5,2553,고덕,상선,,,,,,,,,,,,,,,,,,,,,,,,,,,,,,,,,,,,,,,,
888,,5,2553,고덕,하선,,,,,,,,,,,,,,,,,,,,,,,,,,,,,,,,,,,,,,,,
889,,5,2554,상일동,상선,,,,,,,,,,,,,,,,,,,,,,,,,,,,,,,,,,,,,,,,
890,,5,2554,상일동,하선,,,,,,,,,,,,,,,,,,,,,,,,,,,,,,,,,,,,,,,,
891,,5,2555,둔촌동,상선,,,,,,,,,,,,,,,,,,,,,,,,,,,,,,,,,,,,,,,,
892,,5,2555,둔촌동,하선,,,,,,,,,,,,,,,,,,,,,,,,,,,,,,,,,,,,,,,,
893,,5,2556,올림픽공원(한국체대),상선,,,,,,,,,,,,,,,,,,,,,,,,,,,,,,,,,,,,,,,,
894,,5,2556,올림픽공원(한국체대),하선,,,,,,,,,,,,,,,,,,,,,,,,,,,,,,,,,,,,,,,,
895,,5,2557,방이,상선,,,,,,,,,,,,,,,,,,,,,,,,,,,,,,,,,,,,,,,,
896,,5,2557,방이,하선,,,,,,,,,,,,,,,,,,,,,,,,,,,,,,,,,,,,,,,,
897,,5,2558,오금,상선,,,,,,,,,,,,,,,,,,,,,,,,,,,,,,,,,,,,,,,,
898,,5,2558,오금,하선,,,,,,,,,,,,,,,,,,,,,,,,,,,,,,,,,,,,,,,,
899,,5,2559,개롱,상선,,,,,,,,,,,,,,,,,,,,,,,,,,,,,,,,,,,,,,,,
900,,5,2559,개롱,하선,,,,,,,,,,,,,,,,,,,,,,,,,,,,,,,,,,,,,,,,
901,,5,2560,거여,상선,,,,,,,,,,,,,,,,,,,,,,,,,,,,,,,,,,,,,,,,
902,,5,2560,거여,하선,,,,,,,,,,,,,,,,,,,,,,,,,,,,,,,,,,,,,,,,
903,,5,2561,마천,상선,,,,,,,,,,,,,,,,,,,,,,,,,,,,,,,,,,,,,,,,
904,,5,2561,마천,하선,,,,,,,,,,,,,,,,,,,,,,,,,,,,,,,,,,,,,,,,
905,,5,2562,강일,상선,,,,,,,,,,,,,,,,,,,,,,,,,,,,,,,,,,,,,,,,
906,,5,2562,강일,하선,,,,,,,,,,,,,,,,,,,,,,,,,,,,,,,,,,,,,,,,
907,,5,2563,미사,상선,,,,,,,,,,,,,,,,,,,,,,,,,,,,,,,,,,,,,,,,
908,,5,2563,미사,하선,,,,,,,,,,,,,,,,,,,,,,,,,,,,,,,,,,,,,,,,
909,,5,2564,하남풍산,상선,,,,,,,,,,,,,,,,,,,,,,,,,,,,,,,,,,,,,,,,
910,,5,2564,하남풍산,하선,,,,,,,,,,,,,,,,,,,,,,,,,,,,,,,,,,,,,,,,
911,,5,2565,하남시청,상선,,,,,,,,,,,,,,,,,,,,,,,,,,,,,,,,,,,,,,,,
912,,5,2565,하남시청,하선,,,,,,,,,,,,,,,,,,,,,,,,,,,,,,,,,,,,,,,,
913,,5,2566,하남검단산,상선,,,,,,,,,,,,,,,,,,,,,,,,,,,,,,,,,,,,,,,,
914,,5,2566,하남검단산,하선,,,,,,,,,,,,,,,,,,,,,,,,,,,,,,,,,,,,,,,,
915,,5,9005,강동,상선,,,,,,,,,,,,,,,,,,,,,,,,,,,,,,,,,,,,,,,,
916,,6,2611,응암,하선,,,,,,,,,,,,,,,,,,,,,,,,,,,,,,,,,,,,,,,,
917,,6,2611,응암,상선,,,,,,,,,,,,,,,,,,,,,,,,,,,,,,,,,,,,,,,,
918,,6,2612,역촌,하선,,,,,,,,,,,,,,,,,,,,,,,,,,,,,,,,,,,,,,,,
919,,6,2613,불광,상선,,,,,,,,,,,,,,,,,,,,,,,,,,,,,,,,,,,,,,,,
920,,6,2614,독바위,하선,,,,,,,,,,,,,,,,,,,,,,,,,,,,,,,,,,,,,,,,
921,,6,2615,연신내,상선,,,,,,,,,,,,,,,,,,,,,,,,,,,,,,,,,,,,,,,,
922,,6,2616,구산,하선,,,,,,,,,,,,,,,,,,,,,,,,,,,,,,,,,,,,,,,,
923,,6,2617,새절,상선,,,,,,,,,,,,,,,,,,,,,,,,,,,,,,,,,,,,,,,,
924,,6,2617,새절,하선,,,,,,,,,,,,,,,,,,,,,,,,,,,,,,,,,,,,,,,,
925,,6,2618,증산,상선,,,,,,,,,,,,,,,,,,,,,,,,,,,,,,,,,,,,,,,,
926,,6,2618,증산,하선,,,,,,,,,,,,,,,,,,,,,,,,,,,,,,,,,,,,,,,,
927,,6,2619,디지털미디어시티,상선,,,,,,,,,,,,,,,,,,,,,,,,,,,,,,,,,,,,,,,,
928,,6,2619,디지털미디어시티,하선,,,,,,,,,,,,,,,,,,,,,,,,,,,,,,,,,,,,,,,,
929,,6,2620,월드컵경기장,상선,,,,,,,,,,,,,,,,,,,,,,,,,,,,,,,,,,,,,,,,
930,,6,2620,월드컵경기장,하선,,,,,,,,,,,,,,,,,,,,,,,,,,,,,,,,,,,,,,,,
931,,6,2621,마포구청,상선,,,,,,,,,,,,,,,,,,,,,,,,,,,,,,,,,,,,,,,,
932,,6,2621,마포구청,하선,,,,,,,,,,,,,,,,,,,,,,,,,,,,,,,,,,,,,,,,
933,,6,2622,망원,상선,,,,,,,,,,,,,,,,,,,,,,,,,,,,,,,,,,,,,,,,
934,,6,2622,망원,하선,,,,,,,,,,,,,,,,,,,,,,,,,,,,,,,,,,,,,,,,
935,,6,2623,합정,상선,,,,,,,,,,,,,,,,,,,,,,,,,,,,,,,,,,,,,,,,
936,,6,2623,합정,하선,,,,,,,,,,,,,,,,,,,,,,,,,,,,,,,,,,,,,,,,
937,,6,2624,상수,상선,,,,,,,,,,,,,,,,,,,,,,,,,,,,,,,,,,,,,,,,
938,,6,2624,상수,하선,,,,,,,,,,,,,,,,,,,,,,,,,,,,,,,,,,,,,,,,
939,,6,2625,광흥창,상선,,,,,,,,,,,,,,,,,,,,,,,,,,,,,,,,,,,,,,,,
940,,6,2625,광흥창,하선,,,,,,,,,,,,,,,,,,,,,,,,,,,,,,,,,,,,,,,,
941,,6,2626,대흥,상선,,,,,,,,,,,,,,,,,,,,,,,,,,,,,,,,,,,,,,,,
942,,6,2626,대흥,하선,,,,,,,,,,,,,,,,,,,,,,,,,,,,,,,,,,,,,,,,
943,,6,2627,공덕,상선,,,,,,,,,,,,,,,,,,,,,,,,,,,,,,,,,,,,,,,,
944,,6,2627,공덕,하선,,,,,,,,,,,,,,,,,,,,,,,,,,,,,,,,,,,,,,,,
945,,6,2628,효창공원앞,상선,,,,,,,,,,,,,,,,,,,,,,,,,,,,,,,,,,,,,,,,
946,,6,2628,효창공원앞,하선,,,,,,,,,,,,,,,,,,,,,,,,,,,,,,,,,,,,,,,,
947,,6,2629,삼각지,상선,,,,,,,,,,,,,,,,,,,,,,,,,,,,,,,,,,,,,,,,
948,,6,2629,삼각지,하선,,,,,,,,,,,,,,,,,,,,,,,,,,,,,,,,,,,,,,,,
949,,6,2630,녹사평,상선,,,,,,,,,,,,,,,,,,,,,,,,,,,,,,,,,,,,,,,,
950,,6,2630,녹사평,하선,,,,,,,,,,,,,,,,,,,,,,,,,,,,,,,,,,,,,,,,
951,,6,2631,이태원,상선,,,,,,,,,,,,,,,,,,,,,,,,,,,,,,,,,,,,,,,,
952,,6,2631,이태원,하선,,,,,,,,,,,,,,,,,,,,,,,,,,,,,,,,,,,,,,,,
953,,6,2632,한강진,상선,,,,,,,,,,,,,,,,,,,,,,,,,,,,,,,,,,,,,,,,
954,,6,2632,한강진,하선,,,,,,,,,,,,,,,,,,,,,,,,,,,,,,,,,,,,,,,,
955,,6,2633,버티고개,상선,,,,,,,,,,,,,,,,,,,,,,,,,,,,,,,,,,,,,,,,
956,,6,2633,버티고개,하선,,,,,,,,,,,,,,,,,,,,,,,,,,,,,,,,,,,,,,,,
957,,6,2634,약수,상선,,,,,,,,,,,,,,,,,,,,,,,,,,,,,,,,,,,,,,,,
958,,6,2634,약수,하선,,,,,,,,,,,,,,,,,,,,,,,,,,,,,,,,,,,,,,,,
959,,6,2635,청구,상선,,,,,,,,,,,,,,,,,,,,,,,,,,,,,,,,,,,,,,,,
960,,6,2635,청구,하선,,,,,,,,,,,,,,,,,,,,,,,,,,,,,,,,,,,,,,,,
961,,6,2636,신당,상선,,,,,,,,,,,,,,,,,,,,,,,,,,,,,,,,,,,,,,,,
962,,6,2636,신당,하선,,,,,,,,,,,,,,,,,,,,,,,,,,,,,,,,,,,,,,,,
963,,6,2637,동묘앞,상선,,,,,,,,,,,,,,,,,,,,,,,,,,,,,,,,,,,,,,,,
964,,6,2637,동묘앞,하선,,,,,,,,,,,,,,,,,,,,,,,,,,,,,,,,,,,,,,,,
965,,6,2638,창신,상선,,,,,,,,,,,,,,,,,,,,,,,,,,,,,,,,,,,,,,,,
966,,6,2638,창신,하선,,,,,,,,,,,,,,,,,,,,,,,,,,,,,,,,,,,,,,,,
967,,6,2639,보문,상선,,,,,,,,,,,,,,,,,,,,,,,,,,,,,,,,,,,,,,,,
968,,6,2639,보문,하선,,,,,,,,,,,,,,,,,,,,,,,,,,,,,,,,,,,,,,,,
969,,6,2640,안암,상선,,,,,,,,,,,,,,,,,,,,,,,,,,,,,,,,,,,,,,,,
970,,6,2640,안암,하선,,,,,,,,,,,,,,,,,,,,,,,,,,,,,,,,,,,,,,,,
971,,6,2641,고려대,상선,,,,,,,,,,,,,,,,,,,,,,,,,,,,,,,,,,,,,,,,
972,,6,2641,고려대,하선,,,,,,,,,,,,,,,,,,,,,,,,,,,,,,,,,,,,,,,,
973,,6,2642,월곡,상선,,,,,,,,,,,,,,,,,,,,,,,,,,,,,,,,,,,,,,,,
974,,6,2642,월곡,하선,,,,,,,,,,,,,,,,,,,,,,,,,,,,,,,,,,,,,,,,
975,,6,2643,상월곡,상선,,,,,,,,,,,,,,,,,,,,,,,,,,,,,,,,,,,,,,,,
976,,6,2643,상월곡,하선,,,,,,,,,,,,,,,,,,,,,,,,,,,,,,,,,,,,,,,,
977,,6,2644,돌곶이,상선,,,,,,,,,,,,,,,,,,,,,,,,,,,,,,,,,,,,,,,,
978,,6,2644,돌곶이,하선,,,,,,,,,,,,,,,,,,,,,,,,,,,,,,,,,,,,,,,,
979,,6,2645,석계,상선,,,,,,,,,,,,,,,,,,,,,,,,,,,,,,,,,,,,,,,,
980,,6,2645,석계,하선,,,,,,,,,,,,,,,,,,,,,,,,,,,,,,,,,,,,,,,,
981,,6,2646,태릉입구,상선,,,,,,,,,,,,,,,,,,,,,,,,,,,,,,,,,,,,,,,,
982,,6,2646,태릉입구,하선,,,,,,,,,,,,,,,,,,,,,,,,,,,,,,,,,,,,,,,,
983,,6,2647,화랑대,상선,,,,,,,,,,,,,,,,,,,,,,,,,,,,,,,,,,,,,,,,
984,,6,2647,화랑대,하선,,,,,,,,,,,,,,,,,,,,,,,,,,,,,,,,,,,,,,,,
985,,6,2648,봉화산,상선,,,,,,,,,,,,,,,,,,,,,,,,,,,,,,,,,,,,,,,,
986,,6,2648,봉화산,하선,,,,,,,,,,,,,,,,,,,,,,,,,,,,,,,,,,,,,,,,
987,,6,2649,신내,상선,,,,,,,,,,,,,,,,,,,,,,,,,,,,,,,,,,,,,,,,
988,,6,2649,신내,하선,,,,,,,,,,,,,,,,,,,,,,,,,,,,,,,,,,,,,,,,
989,,7,2711,장암,상선,,,,,,,,,,,,,,,,,,,,,,,,,,,,,,,,,,,,,,,,
990,,7,2711,장암,하선,,,,,,,,,,,,,,,,,,,,,,,,,,,,,,,,,,,,,,,,
991,,7,2712,도봉산,상선,,,,,,,,,,,,,,,,,,,,,,,,,,,,,,,,,,,,,,,,
992,,7,2712,도봉산,하선,,,,,,,,,,,,,,,,,,,,,,,,,,,,,,,,,,,,,,,,
993,,7,2713,수락산,상선,,,,,,,,,,,,,,,,,,,,,,,,,,,,,,,,,,,,,,,,
994,,7,2713,수락산,하선,,,,,,,,,,,,,,,,,,,,,,,,,,,,,,,,,,,,,,,,
995,,7,2714,마들,상선,,,,,,,,,,,,,,,,,,,,,,,,,,,,,,,,,,,,,,,,
996,,7,2714,마들,하선,,,,,,,,,,,,,,,,,,,,,,,,,,,,,,,,,,,,,,,,
997,,7,2715,노원,상선,,,,,,,,,,,,,,,,,,,,,,,,,,,,,,,,,,,,,,,,
998,,7,2715,노원,하선,,,,,,,,,,,,,,,,,,,,,,,,,,,,,,,,,,,,,,,,
999,,7,2716,중계,상선,,,,,,,,,,,,,,,,,,,,,,,,,,,,,,,,,,,,,,,,
1000,,7,2716,중계,하선,,,,,,,,,,,,,,,,,,,,,,,,,,,,,,,,,,,,,,,,
1001,,7,2717,하계,상선,,,,,,,,,,,,,,,,,,,,,,,,,,,,,,,,,,,,,,,,
1002,,7,2717,하계,하선,,,,,,,,,,,,,,,,,,,,,,,,,,,,,,,,,,,,,,,,
1003,,7,2718,공릉,상선,,,,,,,,,,,,,,,,,,,,,,,,,,,,,,,,,,,,,,,,
1004,,7,2718,공릉,하선,,,,,,,,,,,,,,,,,,,,,,,,,,,,,,,,,,,,,,,,
1005,,7,2719,태릉입구,상선,,,,,,,,,,,,,,,,,,,,,,,,,,,,,,,,,,,,,,,,
1006,,7,2719,태릉입구,하선,,,,,,,,,,,,,,,,,,,,,,,,,,,,,,,,,,,,,,,,
1007,,7,2720,먹골,상선,,,,,,,,,,,,,,,,,,,,,,,,,,,,,,,,,,,,,,,,
1008,,7,2720,먹골,하선,,,,,,,,,,,,,,,,,,,,,,,,,,,,,,,,,,,,,,,,
1009,,7,2721,중화,상선,,,,,,,,,,,,,,,,,,,,,,,,,,,,,,,,,,,,,,,,
1010,,7,2721,중화,하선,,,,,,,,,,,,,,,,,,,,,,,,,,,,,,,,,,,,,,,,
1011,,7,2722,상봉,상선,,,,,,,,,,,,,,,,,,,,,,,,,,,,,,,,,,,,,,,,
1012,,7,2722,상봉,하선,,,,,,,,,,,,,,,,,,,,,,,,,,,,,,,,,,,,,,,,
1013,,7,2723,면목,상선,,,,,,,,,,,,,,,,,,,,,,,,,,,,,,,,,,,,,,,,
1014,,7,2723,면목,하선,,,,,,,,,,,,,,,,,,,,,,,,,,,,,,,,,,,,,,,,
1015,,7,2724,사가정,상선,,,,,,,,,,,,,,,,,,,,,,,,,,,,,,,,,,,,,,,,
1016,,7,2724,사가정,하선,,,,,,,,,,,,,,,,,,,,,,,,,,,,,,,,,,,,,,,,
1017,,7,2725,용마산,상선,,,,,,,,,,,,,,,,,,,,,,,,,,,,,,,,,,,,,,,,
1018,,7,2725,용마산,하선,,,,,,,,,,,,,,,,,,,,,,,,,,,,,,,,,,,,,,,,
1019,,7,2726,중곡,상선,,,,,,,,,,,,,,,,,,,,,,,,,,,,,,,,,,,,,,,,
1020,,7,2726,중곡,하선,,,,,,,,,,,,,,,,,,,,,,,,,,,,,,,,,,,,,,,,
1021,,7,2727,군자,상선,,,,,,,,,,,,,,,,,,,,,,,,,,,,,,,,,,,,,,,,
1022,,7,2727,군자,하선,,,,,,,,,,,,,,,,,,,,,,,,,,,,,,,,,,,,,,,,
1023,,7,2728,어린이대공원,상선,,,,,,,,,,,,,,,,,,,,,,,,,,,,,,,,,,,,,,,,
1024,,7,2728,어린이대공원,하선,,,,,,,,,,,,,,,,,,,,,,,,,,,,,,,,,,,,,,,,
1025,,7,2729,건대입구,상선,,,,,,,,,,,,,,,,,,,,,,,,,,,,,,,,,,,,,,,,
1026,,7,2729,건대입구,하선,,,,,,,,,,,,,,,,,,,,,,,,,,,,,,,,,,,,,,,,
1027,,7,2730,자양(뚝섬한강공원),상선,,,,,,,,,,,,,,,,,,,,,,,,,,,,,,,,,,,,,,,,
1028,,7,2730,자양(뚝섬한강공원),하선,,,,,,,,,,,,,,,,,,,,,,,,,,,,,,,,,,,,,,,,
1029,,7,2731,청담,상선,,,,,,,,,,,,,,,,,,,,,,,,,,,,,,,,,,,,,,,,
1030,,7,2731,청담,하선,,,,,,,,,,,,,,,,,,,,,,,,,,,,,,,,,,,,,,,,
1031,,7,2732,강남구청,상선,,,,,,,,,,,,,,,,,,,,,,,,,,,,,,,,,,,,,,,,
1032,,7,2732,강남구청,하선,,,,,,,,,,,,,,,,,,,,,,,,,,,,,,,,,,,,,,,,
1033,,7,2733,학동,상선,,,,,,,,,,,,,,,,,,,,,,,,,,,,,,,,,,,,,,,,
1034,,7,2733,학동,하선,,,,,,,,,,,,,,,,,,,,,,,,,,,,,,,,,,,,,,,,
1035,,7,2734,논현,상선,,,,,,,,,,,,,,,,,,,,,,,,,,,,,,,,,,,,,,,,
1036,,7,2734,논현,하선,,,,,,,,,,,,,,,,,,,,,,,,,,,,,,,,,,,,,,,,
1037,,7,2735,반포,상선,,,,,,,,,,,,,,,,,,,,,,,,,,,,,,,,,,,,,,,,
1038,,7,2735,반포,하선,,,,,,,,,,,,,,,,,,,,,,,,,,,,,,,,,,,,,,,,
1039,,7,2736,고속터미널,상선,,,,,,,,,,,,,,,,,,,,,,,,,,,,,,,,,,,,,,,,
1040,,7,2736,고속터미널,하선,,,,,,,,,,,,,,,,,,,,,,,,,,,,,,,,,,,,,,,,
1041,,7,2737,내방,상선,,,,,,,,,,,,,,,,,,,,,,,,,,,,,,,,,,,,,,,,
1042,,7,2737,내방,하선,,,,,,,,,,,,,,,,,,,,,,,,,,,,,,,,,,,,,,,,
1043,,7,2738,총신대입구,상선,,,,,,,,,,,,,,,,,,,,,,,,,,,,,,,,,,,,,,,,
1044,,7,2738,총신대입구,하선,,,,,,,,,,,,,,,,,,,,,,,,,,,,,,,,,,,,,,,,
1045,,7,2739,남성,상선,,,,,,,,,,,,,,,,,,,,,,,,,,,,,,,,,,,,,,,,
1046,,7,2739,남성,하선,,,,,,,,,,,,,,,,,,,,,,,,,,,,,,,,,,,,,,,,
1047,,7,2740,숭실대입구,상선,,,,,,,,,,,,,,,,,,,,,,,,,,,,,,,,,,,,,,,,
1048,,7,2740,숭실대입구,하선,,,,,,,,,,,,,,,,,,,,,,,,,,,,,,,,,,,,,,,,
1049,,7,2741,상도,상선,,,,,,,,,,,,,,,,,,,,,,,,,,,,,,,,,,,,,,,,
1050,,7,2741,상도,하선,,,,,,,,,,,,,,,,,,,,,,,,,,,,,,,,,,,,,,,,
1051,,7,2742,장승배기,상선,,,,,,,,,,,,,,,,,,,,,,,,,,,,,,,,,,,,,,,,
1052,,7,2742,장승배기,하선,,,,,,,,,,,,,,,,,,,,,,,,,,,,,,,,,,,,,,,,
1053,,7,2743,신대방삼거리,상선,,,,,,,,,,,,,,,,,,,,,,,,,,,,,,,,,,,,,,,,
1054,,7,2743,신대방삼거리,하선,,,,,,,,,,,,,,,,,,,,,,,,,,,,,,,,,,,,,,,,
1055,,7,2744,보라매,상선,,,,,,,,,,,,,,,,,,,,,,,,,,,,,,,,,,,,,,,,
1056,,7,2744,보라매,하선,,,,,,,,,,,,,,,,,,,,,,,,,,,,,,,,,,,,,,,,
1057,,7,2745,신풍,상선,,,,,,,,,,,,,,,,,,,,,,,,,,,,,,,,,,,,,,,,
1058,,7,2745,신풍,하선,,,,,,,,,,,,,,,,,,,,,,,,,,,,,,,,,,,,,,,,
1059,,7,2746,대림,상선,,,,,,,,,,,,,,,,,,,,,,,,,,,,,,,,,,,,,,,,
1060,,7,2746,대림,하선,,,,,,,,,,,,,,,,,,,,,,,,,,,,,,,,,,,,,,,,
1061,,7,2747,남구로,상선,,,,,,,,,,,,,,,,,,,,,,,,,,,,,,,,,,,,,,,,
1062,,7,2747,남구로,하선,,,,,,,,,,,,,,,,,,,,,,,,,,,,,,,,,,,,,,,,
1063,,7,2748,가산디지털단지,상선,,,,,,,,,,,,,,,,,,,,,,,,,,,,,,,,,,,,,,,,
1064,,7,2748,가산디지털단지,하선,,,,,,,,,,,,,,,,,,,,,,,,,,,,,,,,,,,,,,,,
1065,,7,2749,철산,상선,,,,,,,,,,,,,,,,,,,,,,,,,,,,,,,,,,,,,,,,
1066,,7,2749,철산,하선,,,,,,,,,,,,,,,,,,,,,,,,,,,,,,,,,,,,,,,,
1067,,7,2750,광명사거리,상선,,,,,,,,,,,,,,,,,,,,,,,,,,,,,,,,,,,,,,,,
1068,,7,2750,광명사거리,하선,,,,,,,,,,,,,,,,,,,,,,,,,,,,,,,,,,,,,,,,
1069,,7,2751,천왕,상선,,,,,,,,,,,,,,,,,,,,,,,,,,,,,,,,,,,,,,,,
1070,,7,2751,천왕,하선,,,,,,,,,,,,,,,,,,,,,,,,,,,,,,,,,,,,,,,,
1071,,7,2752,온수,상선,,,,,,,,,,,,,,,,,,,,,,,,,,,,,,,,,,,,,,,,
1072,,7,2752,온수,하선,,,,,,,,,,,,,,,,,,,,,,,,,,,,,,,,,,,,,,,,
1073,,8,2810,암사역사공원,상선,,,,,,,,,,,,,,,,,,,,,,,,,,,,,,,,,,,,,,,,
1074,,8,2810,암사역사공원,하선,,,,,,,,,,,,,,,,,,,,,,,,,,,,,,,,,,,,,,,,
1075,,8,2811,암사,상선,,,,,,,,,,,,,,,,,,,,,,,,,,,,,,,,,,,,,,,,
1076,,8,2811,암사,하선,,,,,,,,,,,,,,,,,,,,,,,,,,,,,,,,,,,,,,,,
1077,,8,2812,천호,상선,,,,,,,,,,,,,,,,,,,,,,,,,,,,,,,,,,,,,,,,
1078,,8,2812,천호,하선,,,,,,,,,,,,,,,,,,,,,,,,,,,,,,,,,,,,,,,,
1079,,8,2813,강동구청,상선,,,,,,,,,,,,,,,,,,,,,,,,,,,,,,,,,,,,,,,,
1080,,8,2813,강동구청,하선,,,,,,,,,,,,,,,,,,,,,,,,,,,,,,,,,,,,,,,,
1081,,8,2814,몽촌토성,상선,,,,,,,,,,,,,,,,,,,,,,,,,,,,,,,,,,,,,,,,
1082,,8,2814,몽촌토성,하선,,,,,,,,,,,,,,,,,,,,,,,,,,,,,,,,,,,,,,,,
1083,,8,2815,잠실,상선,,,,,,,,,,,,,,,,,,,,,,,,,,,,,,,,,,,,,,,,
1084,,8,2815,잠실,하선,,,,,,,,,,,,,,,,,,,,,,,,,,,,,,,,,,,,,,,,
1085,,8,2816,석촌,상선,,,,,,,,,,,,,,,,,,,,,,,,,,,,,,,,,,,,,,,,
1086,,8,2816,석촌,하선,,,,,,,,,,,,,,,,,,,,,,,,,,,,,,,,,,,,,,,,
1087,,8,2817,송파,상선,,,,,,,,,,,,,,,,,,,,,,,,,,,,,,,,,,,,,,,,
1088,,8,2817,송파,하선,,,,,,,,,,,,,,,,,,,,,,,,,,,,,,,,,,,,,,,,
1089,,8,2818,가락시장,상선,,,,,,,,,,,,,,,,,,,,,,,,,,,,,,,,,,,,,,,,
1090,,8,2818,가락시장,하선,,,,,,,,,,,,,,,,,,,,,,,,,,,,,,,,,,,,,,,,
1091,,8,2819,문정,상선,,,,,,,,,,,,,,,,,,,,,,,,,,,,,,,,,,,,,,,,
1092,,8,2819,문정,하선,,,,,,,,,,,,,,,,,,,,,,,,,,,,,,,,,,,,,,,,
1093,,8,2820,장지,상선,,,,,,,,,,,,,,,,,,,,,,,,,,,,,,,,,,,,,,,,
1094,,8,2820,장지,하선,,,,,,,,,,,,,,,,,,,,,,,,,,,,,,,,,,,,,,,,
1095,,8,2821,복정,상선,,,,,,,,,,,,,,,,,,,,,,,,,,,,,,,,,,,,,,,,
1096,,8,2821,복정,하선,,,,,,,,,,,,,,,,,,,,,,,,,,,,,,,,,,,,,,,,
1097,,8,2822,산성,상선,,,,,,,,,,,,,,,,,,,,,,,,,,,,,,,,,,,,,,,,
1098,,8,2822,산성,하선,,,,,,,,,,,,,,,,,,,,,,,,,,,,,,,,,,,,,,,,
1099,,8,2823,남한산성입구,상선,,,,,,,,,,,,,,,,,,,,,,,,,,,,,,,,,,,,,,,,
1100,,8,2823,남한산성입구,하선,,,,,,,,,,,,,,,,,,,,,,,,,,,,,,,,,,,,,,,,
1101,,8,2824,단대오거리,상선,,,,,,,,,,,,,,,,,,,,,,,,,,,,,,,,,,,,,,,,
1102,,8,2824,단대오거리,하선,,,,,,,,,,,,,,,,,,,,,,,,,,,,,,,,,,,,,,,,
1103,,8,2825,신흥,상선,,,,,,,,,,,,,,,,,,,,,,,,,,,,,,,,,,,,,,,,
1104,,8,2825,신흥,하선,,,,,,,,,,,,,,,,,,,,,,,,,,,,,,,,,,,,,,,,
1105,,8,2826,수진,상선,,,,,,,,,,,,,,,,,,,,,,,,,,,,,,,,,,,,,,,,
1106,,8,2826,수진,하선,,,,,,,,,,,,,,,,,,,,,,,,,,,,,,,,,,,,,,,,
1107,,8,2827,모란,상선,,,,,,,,,,,,,,,,,,,,,,,,,,,,,,,,,,,,,,,,
1108,,8,2827,모란,하선,,,,,,,,,,,,,,,,,,,,,,,,,,,,,,,,,,,,,,,,
1109,,8,2828,남위례,상선,,,,,,,,,,,,,,,,,,,,,,,,,,,,,,,,,,,,,,,,
1110,,8,2828,남위례,하선,,,,,,,,,,,,,,,,,,,,,,,,,,,,,,,,,,,,,,,,
