호선,역명,시간,상하행,평일주말,혼잡도리스트,추천칸
8호선,가락시장역,5,0,0,"[19, 28, 23, 28, 37, 42]",1
8호선,가락시장역,5,0,1,"[14, 20, 18, 18, 18, 23]",1
8호선,가락시장역,5,1,0,"[48, 58, 60, 56, 53, 38]",6
8호선,가락시장역,5,1,1,"[22, 25, 27, 25, 26, 15]",6
8호선,가락시장역,6,0,0,"[19, 28, 23, 28, 37, 42]",1
8호선,가락시장역,6,0,1,"[14, 20, 18, 18, 18, 23]",1
8호선,가락시장역,6,1,0,"[48, 58, 60, 56, 53, 38]",6
8호선,가락시장역,6,1,1,"[22, 25, 27, 25, 26, 15]",6
8호선,가락시장역,7,0,0,"[60, 78, 79, 85, 89, 100]",1
8호선,가락시장역,7,0,1,"[17, 28, 26, 28, 29, 31]",1
8호선,가락시장역,7,1,0,"[76, 92, 102, 97, 102, 80]",1
8호선,가락시장역,7,1,1,"[25, 27, 32, 29, 23, 21]",6
8호선,가락시장역,8,0,0,"[86, 120, 124, 118, 120, 124]",1
8호선,가락시장역,8,0,1,"[34, 41, 46, 50, 46, 57]",1
8호선,가락시장역,8,1,0,"[84, 99, 133, 129, 117, 95]",1
8호선,가락시장역,8,1,1,"[35, 43, 52, 47, 38, 28]",6
8호선,가락시장역,9,0,0,"[54, 67, 69, 68, 67, 77]",1
8호선,가락시장역,9,0,1,"[50, 56, 62, 64, 63, 61]",1
8호선,가락시장역,9,1,0,"[54, 67, 79, 78, 74, 50]",6
8호선,가락시장역,9,1,1,"[47, 58, 65, 55, 41, 36]",6
8호선,가락시장역,10,0,0,"[33, 47, 51, 51, 51, 54]",1
8호선,가락시장역,10,0,1,"[48, 64, 71, 69, 64, 67]",1
8호선,가락시장역,10,1,0,"[31, 42, 46, 40, 32, 22]",6
8호선,가락시장역,10,1,1,"[41, 65, 62, 60, 43, 31]",6
8호선,가락시장역,11,0,0,"[29, 41, 47, 47, 38, 41]",1
8호선,가락시장역,11,0,1,"[46, 66, 77, 78, 65, 65]",1
8호선,가락시장역,11,1,0,"[34, 44, 52, 43, 35, 23]",6
8호선,가락시장역,11,1,1,"[49, 60, 72, 55, 45, 30]",6
8호선,가락시장역,12,0,0,"[31, 41, 48, 41, 40, 43]",1
8호선,가락시장역,12,0,1,"[52, 74, 83, 77, 70, 64]",1
8호선,가락시장역,12,1,0,"[38, 53, 58, 47, 34, 24]",6
8호선,가락시장역,12,1,1,"[43, 61, 79, 58, 47, 33]",6
8호선,가락시장역,13,0,0,"[31, 44, 49, 47, 39, 39]",1
8호선,가락시장역,13,0,1,"[54, 71, 78, 85, 65, 63]",1
8호선,가락시장역,13,1,0,"[39, 51, 54, 47, 38, 27]",6
8호선,가락시장역,13,1,1,"[46, 67, 78, 65, 47, 37]",6
8호선,가락시장역,14,0,0,"[34, 45, 49, 43, 35, 33]",6
8호선,가락시장역,14,0,1,"[47, 69, 77, 77, 66, 51]",1
8호선,가락시장역,14,1,0,"[39, 50, 57, 45, 36, 24]",6
8호선,가락시장역,14,1,1,"[53, 60, 71, 59, 56, 37]",6
8호선,가락시장역,15,0,0,"[38, 52, 58, 52, 40, 38]",1
8호선,가락시장역,15,0,1,"[48, 70, 82, 75, 63, 52]",1
8호선,가락시장역,15,1,0,"[44, 56, 64, 50, 40, 30]",6
8호선,가락시장역,15,1,1,"[50, 74, 87, 71, 57, 39]",6
8호선,가락시장역,16,0,0,"[45, 60, 69, 58, 51, 50]",1
8호선,가락시장역,16,0,1,"[48, 77, 89, 78, 71, 60]",1
8호선,가락시장역,16,1,0,"[57, 72, 74, 65, 53, 39]",6
8호선,가락시장역,16,1,1,"[56, 78, 90, 78, 69, 51]",6
8호선,가락시장역,17,0,0,"[74, 88, 90, 80, 67, 69]",5
8호선,가락시장역,17,0,1,"[56, 71, 74, 78, 58, 51]",6
8호선,가락시장역,17,1,0,"[80, 96, 109, 93, 70, 54]",6
8호선,가락시장역,17,1,1,"[67, 84, 92, 82, 65, 49]",6
8호선,가락시장역,18,0,0,"[104, 110, 104, 94, 78, 76]",6
8호선,가락시장역,18,0,1,"[39, 56, 59, 59, 48, 39]",1
8호선,가락시장역,18,1,0,"[88, 111, 138, 118, 94, 71]",6
8호선,가락시장역,18,1,1,"[61, 86, 86, 64, 58, 47]",6
8호선,가락시장역,19,0,0,"[58, 77, 70, 61, 52, 54]",5
8호선,가락시장역,19,0,1,"[28, 39, 46, 39, 29, 24]",6
8호선,가락시장역,19,1,0,"[58, 65, 77, 68, 53, 42]",6
8호선,가락시장역,19,1,1,"[51, 62, 68, 60, 46, 41]",6
8호선,가락시장역,20,0,0,"[45, 55, 57, 44, 40, 38]",6
8호선,가락시장역,20,0,1,"[23, 36, 42, 31, 25, 22]",6
8호선,가락시장역,20,1,0,"[43, 50, 54, 47, 40, 29]",6
8호선,가락시장역,20,1,1,"[49, 68, 70, 56, 46, 37]",6
8호선,가락시장역,21,0,0,"[40, 56, 55, 36, 34, 35]",5
8호선,가락시장역,21,0,1,"[25, 36, 34, 26, 26, 22]",6
8호선,가락시장역,21,1,0,"[45, 56, 57, 52, 39, 29]",6
8호선,가락시장역,21,1,1,"[48, 68, 78, 59, 52, 40]",6
8호선,가락시장역,22,0,0,"[33, 52, 43, 41, 30, 28]",6
8호선,가락시장역,22,0,1,"[22, 31, 30, 26, 20, 16]",6
8호선,가락시장역,22,1,0,"[47, 59, 53, 54, 44, 28]",6
8호선,가락시장역,22,1,1,"[51, 65, 72, 62, 53, 42]",6
8호선,가락시장역,23,0,0,"[16, 20, 21, 17, 15, 15]",5
8호선,가락시장역,23,0,1,"[10, 19, 21, 18, 14, 10]",1
8호선,가락시장역,23,1,0,"[27, 35, 41, 33, 28, 22]",6
8호선,가락시장역,23,1,1,"[25, 39, 44, 36, 32, 27]",1
8호선,가락시장역,0,0,0,"[19, 28, 23, 28, 37, 42]",1
8호선,가락시장역,0,0,1,"[14, 20, 18, 18, 18, 23]",1
8호선,가락시장역,0,1,0,"[48, 58, 60, 56, 53, 38]",6
8호선,가락시장역,0,1,1,"[22, 25, 27, 25, 26, 15]",6
8호선,강동구청역,5,0,0,"[14, 19, 14, 10, 7, 5]",6
8호선,강동구청역,5,0,1,"[14, 21, 17, 13, 10, 7]",6
8호선,강동구청역,5,1,0,"[85, 95, 77, 81, 82, 58]",6
8호선,강동구청역,5,1,1,"[40, 34, 32, 31, 35, 18]",6
8호선,강동구청역,6,0,0,"[14, 19, 14, 10, 7, 5]",6
8호선,강동구청역,6,0,1,"[14, 21, 17, 13, 10, 7]",6
8호선,강동구청역,6,1,0,"[85, 95, 77, 81, 82, 58]",6
8호선,강동구청역,6,1,1,"[40, 34, 32, 31, 35, 18]",6
8호선,강동구청역,7,0,0,"[34, 40, 30, 23, 18, 11]",6
8호선,강동구청역,7,0,1,"[18, 26, 21, 16, 13, 8]",6
8호선,강동구청역,7,1,0,"[121, 133, 146, 145, 142, 108]",6
8호선,강동구청역,7,1,1,"[43, 37, 37, 40, 35, 24]",6
8호선,강동구청역,8,0,0,"[61, 70, 52, 38, 29, 22]",6
8호선,강동구청역,8,0,1,"[35, 42, 38, 31, 22, 13]",6
8호선,강동구청역,8,1,0,"[133, 139, 162, 155, 149, 122]",6
8호선,강동구청역,8,1,1,"[71, 63, 67, 60, 57, 43]",6
8호선,강동구청역,9,0,0,"[36, 42, 32, 27, 19, 12]",6
8호선,강동구청역,9,0,1,"[47, 50, 43, 41, 28, 19]",6
8호선,강동구청역,9,1,0,"[86, 85, 84, 90, 86, 53]",6
8호선,강동구청역,9,1,1,"[86, 80, 79, 75, 67, 48]",6
8호선,강동구청역,10,0,0,"[33, 39, 35, 30, 25, 16]",6
8호선,강동구청역,10,0,1,"[47, 51, 49, 45, 30, 25]",6
8호선,강동구청역,10,1,0,"[49, 48, 53, 51, 46, 29]",6
8호선,강동구청역,10,1,1,"[67, 78, 80, 78, 72, 51]",6
8호선,강동구청역,11,0,0,"[32, 39, 41, 32, 24, 17]",6
8호선,강동구청역,11,0,1,"[49, 65, 54, 51, 36, 25]",6
8호선,강동구청역,11,1,0,"[45, 47, 50, 51, 48, 31]",6
8호선,강동구청역,11,1,1,"[66, 69, 83, 85, 71, 48]",6
8호선,강동구청역,12,0,0,"[37, 49, 44, 38, 30, 23]",6
8호선,강동구청역,12,0,1,"[55, 70, 59, 55, 44, 32]",6
8호선,강동구청역,12,1,0,"[44, 47, 49, 49, 45, 27]",6
8호선,강동구청역,12,1,1,"[64, 76, 82, 79, 71, 51]",6
8호선,강동구청역,13,0,0,"[42, 54, 50, 47, 32, 27]",6
8호선,강동구청역,13,0,1,"[57, 75, 75, 64, 47, 32]",6
8호선,강동구청역,13,1,0,"[43, 44, 45, 48, 47, 34]",6
8호선,강동구청역,13,1,1,"[67, 71, 86, 77, 78, 51]",6
8호선,강동구청역,14,0,0,"[47, 61, 58, 49, 39, 28]",6
8호선,강동구청역,14,0,1,"[58, 79, 77, 65, 58, 35]",6
8호선,강동구청역,14,1,0,"[31, 36, 39, 41, 40, 25]",6
8호선,강동구청역,14,1,1,"[59, 62, 70, 75, 76, 46]",6
8호선,강동구청역,15,0,0,"[57, 80, 76, 64, 50, 37]",6
8호선,강동구청역,15,0,1,"[67, 84, 83, 76, 64, 40]",6
8호선,강동구청역,15,1,0,"[33, 37, 42, 44, 39, 28]",6
8호선,강동구청역,15,1,1,"[51, 64, 79, 78, 75, 50]",6
8호선,강동구청역,16,0,0,"[68, 94, 91, 78, 65, 50]",6
8호선,강동구청역,16,0,1,"[67, 97, 100, 92, 80, 53]",6
8호선,강동구청역,16,1,0,"[40, 43, 45, 50, 44, 32]",6
8호선,강동구청역,16,1,1,"[59, 70, 81, 82, 80, 54]",6
8호선,강동구청역,17,0,0,"[107, 128, 127, 108, 87, 66]",6
8호선,강동구청역,17,0,1,"[77, 109, 94, 97, 76, 56]",6
8호선,강동구청역,17,1,0,"[44, 45, 55, 54, 49, 37]",6
8호선,강동구청역,17,1,1,"[48, 65, 72, 71, 71, 49]",1
8호선,강동구청역,18,0,0,"[163, 183, 169, 153, 127, 100]",6
8호선,강동구청역,18,0,1,"[68, 83, 94, 87, 77, 54]",6
8호선,강동구청역,18,1,0,"[36, 41, 49, 51, 52, 36]",1
8호선,강동구청역,18,1,1,"[45, 51, 55, 52, 57, 42]",6
8호선,강동구청역,19,0,0,"[113, 138, 126, 124, 91, 79]",6
8호선,강동구청역,19,0,1,"[56, 78, 79, 67, 56, 45]",6
8호선,강동구청역,19,1,0,"[18, 21, 27, 28, 27, 21]",1
8호선,강동구청역,19,1,1,"[24, 32, 38, 44, 34, 31]",1
8호선,강동구청역,20,0,0,"[83, 108, 105, 93, 72, 52]",6
8호선,강동구청역,20,0,1,"[54, 70, 81, 75, 64, 45]",6
8호선,강동구청역,20,1,0,"[16, 18, 21, 23, 23, 16]",1
8호선,강동구청역,20,1,1,"[23, 31, 34, 31, 32, 25]",1
8호선,강동구청역,21,0,0,"[88, 118, 112, 81, 76, 50]",6
8호선,강동구청역,21,0,1,"[60, 88, 83, 71, 55, 44]",6
8호선,강동구청역,21,1,0,"[15, 22, 23, 24, 24, 18]",1
8호선,강동구청역,21,1,1,"[17, 23, 28, 29, 29, 22]",1
8호선,강동구청역,22,0,0,"[77, 92, 106, 103, 90, 49]",6
8호선,강동구청역,22,0,1,"[68, 76, 100, 79, 62, 41]",6
8호선,강동구청역,22,1,0,"[18, 20, 21, 22, 20, 14]",6
8호선,강동구청역,22,1,1,"[19, 18, 28, 25, 29, 23]",2
8호선,강동구청역,23,0,0,"[53, 61, 56, 49, 42, 36]",6
8호선,강동구청역,23,0,1,"[44, 71, 62, 59, 50, 39]",6
8호선,강동구청역,23,1,0,"[9, 10, 11, 12, 13, 9]",1
8호선,강동구청역,23,1,1,"[9, 10, 16, 14, 16, 13]",1
8호선,강동구청역,0,0,0,"[14, 19, 14, 10, 7, 5]",6
8호선,강동구청역,0,0,1,"[14, 21, 17, 13, 10, 7]",6
8호선,강동구청역,0,1,0,"[85, 95, 77, 81, 82, 58]",6
8호선,강동구청역,0,1,1,"[40, 34, 32, 31, 35, 18]",6
8호선,남한산성입구역,5,0,0,"[5, 8, 6, 9, 12, 13]",1
8호선,남한산성입구역,5,0,1,"[3, 9, 5, 5, 7, 8]",1
8호선,남한산성입구역,5,1,0,"[6, 8, 12, 10, 10, 9]",1
8호선,남한산성입구역,5,1,1,"[3, 6, 7, 6, 5, 4]",1
8호선,남한산성입구역,6,0,0,"[5, 8, 6, 9, 12, 13]",1
8호선,남한산성입구역,6,0,1,"[3, 9, 5, 5, 7, 8]",1
8호선,남한산성입구역,6,1,0,"[6, 8, 12, 10, 10, 9]",1
8호선,남한산성입구역,6,1,1,"[3, 6, 7, 6, 5, 4]",1
8호선,남한산성입구역,7,0,0,"[16, 22, 25, 30, 25, 25]",1
8호선,남한산성입구역,7,0,1,"[5, 10, 8, 9, 8, 10]",1
8호선,남한산성입구역,7,1,0,"[12, 14, 13, 14, 18, 11]",6
8호선,남한산성입구역,7,1,1,"[4, 7, 7, 6, 7, 4]",1
8호선,남한산성입구역,8,0,0,"[30, 35, 37, 35, 35, 36]",1
8호선,남한산성입구역,8,0,1,"[8, 13, 12, 15, 15, 15]",1
8호선,남한산성입구역,8,1,0,"[11, 13, 17, 17, 15, 12]",1
8호선,남한산성입구역,8,1,1,"[5, 10, 13, 10, 10, 5]",1
8호선,남한산성입구역,9,0,0,"[13, 19, 18, 17, 19, 20]",1
8호선,남한산성입구역,9,0,1,"[14, 15, 17, 18, 18, 17]",1
8호선,남한산성입구역,9,1,0,"[10, 12, 14, 15, 11, 9]",6
8호선,남한산성입구역,9,1,1,"[7, 10, 12, 11, 9, 6]",6
8호선,남한산성입구역,10,0,0,"[7, 11, 12, 12, 12, 13]",1
8호선,남한산성입구역,10,0,1,"[10, 16, 20, 19, 21, 17]",1
8호선,남한산성입구역,10,1,0,"[5, 9, 10, 9, 8, 5]",1
8호선,남한산성입구역,10,1,1,"[7, 12, 13, 10, 9, 5]",6
8호선,남한산성입구역,11,0,0,"[6, 10, 12, 12, 9, 10]",1
8호선,남한산성입구역,11,0,1,"[11, 15, 22, 22, 20, 18]",1
8호선,남한산성입구역,11,1,0,"[6, 9, 11, 10, 8, 5]",6
8호선,남한산성입구역,11,1,1,"[9, 12, 14, 13, 10, 7]",6
8호선,남한산성입구역,12,0,0,"[6, 10, 12, 11, 10, 10]",1
8호선,남한산성입구역,12,0,1,"[11, 18, 21, 19, 19, 17]",1
8호선,남한산성입구역,12,1,0,"[7, 14, 14, 12, 10, 6]",6
8호선,남한산성입구역,12,1,1,"[8, 16, 17, 13, 11, 8]",1
8호선,남한산성입구역,13,0,0,"[6, 9, 11, 12, 9, 8]",1
8호선,남한산성입구역,13,0,1,"[13, 19, 18, 24, 20, 16]",1
8호선,남한산성입구역,13,1,0,"[8, 13, 14, 13, 11, 7]",6
8호선,남한산성입구역,13,1,1,"[10, 17, 19, 14, 10, 9]",6
8호선,남한산성입구역,14,0,0,"[6, 9, 10, 10, 8, 6]",1
8호선,남한산성입구역,14,0,1,"[11, 18, 19, 22, 17, 13]",1
8호선,남한산성입구역,14,1,0,"[8, 12, 15, 12, 10, 6]",6
8호선,남한산성입구역,14,1,1,"[12, 17, 20, 17, 15, 8]",6
8호선,남한산성입구역,15,0,0,"[7, 11, 15, 14, 12, 9]",1
8호선,남한산성입구역,15,0,1,"[11, 16, 21, 20, 16, 13]",1
8호선,남한산성입구역,15,1,0,"[11, 17, 20, 17, 16, 10]",6
8호선,남한산성입구역,15,1,1,"[13, 21, 24, 20, 15, 11]",6
8호선,남한산성입구역,16,0,0,"[8, 13, 14, 15, 12, 11]",1
8호선,남한산성입구역,16,0,1,"[11, 18, 20, 20, 22, 13]",1
8호선,남한산성입구역,16,1,0,"[15, 23, 21, 21, 18, 12]",6
8호선,남한산성입구역,16,1,1,"[15, 24, 27, 21, 20, 15]",1
8호선,남한산성입구역,17,0,0,"[11, 15, 13, 15, 13, 10]",6
8호선,남한산성입구역,17,0,1,"[10, 14, 15, 20, 17, 12]",1
8호선,남한산성입구역,17,1,0,"[21, 34, 35, 29, 26, 18]",6
8호선,남한산성입구역,17,1,1,"[16, 24, 31, 24, 22, 14]",6
8호선,남한산성입구역,18,0,0,"[16, 16, 16, 17, 16, 13]",6
8호선,남한산성입구역,18,0,1,"[7, 12, 14, 12, 10, 9]",1
8호선,남한산성입구역,18,1,0,"[29, 45, 51, 46, 39, 30]",1
8호선,남한산성입구역,18,1,1,"[18, 28, 30, 20, 22, 13]",6
8호선,남한산성입구역,19,0,0,"[7, 11, 12, 11, 9, 9]",1
8호선,남한산성입구역,19,0,1,"[4, 10, 11, 11, 6, 6]",1
8호선,남한산성입구역,19,1,0,"[18, 31, 36, 30, 25, 19]",1
8호선,남한산성입구역,19,1,1,"[14, 22, 24, 20, 19, 15]",1
8호선,남한산성입구역,20,0,0,"[8, 8, 10, 9, 7, 6]",6
8호선,남한산성입구역,20,0,1,"[5, 10, 10, 7, 7, 5]",1
8호선,남한산성입구역,20,1,0,"[12, 16, 20, 18, 16, 11]",6
8호선,남한산성입구역,20,1,1,"[16, 17, 24, 26, 14, 14]",5
8호선,남한산성입구역,21,0,0,"[8, 9, 10, 7, 6, 7]",5
8호선,남한산성입구역,21,0,1,"[5, 8, 8, 7, 8, 8]",1
8호선,남한산성입구역,21,1,0,"[12, 18, 21, 20, 16, 11]",6
8호선,남한산성입구역,21,1,1,"[13, 28, 25, 21, 21, 13]",1
8호선,남한산성입구역,22,0,0,"[5, 9, 9, 11, 7, 8]",1
8호선,남한산성입구역,22,0,1,"[5, 9, 7, 10, 7, 8]",1
8호선,남한산성입구역,22,1,0,"[12, 23, 22, 23, 18, 10]",6
8호선,남한산성입구역,22,1,1,"[18, 27, 29, 22, 18, 16]",6
8호선,남한산성입구역,23,0,0,"[3, 5, 6, 6, 5, 5]",1
8호선,남한산성입구역,23,0,1,"[3, 6, 7, 6, 5, 6]",1
8호선,남한산성입구역,23,1,0,"[9, 15, 15, 16, 14, 10]",1
8호선,남한산성입구역,23,1,1,"[10, 14, 20, 13, 17, 14]",1
8호선,남한산성입구역,0,0,0,"[5, 8, 6, 9, 12, 13]",1
8호선,남한산성입구역,0,0,1,"[3, 9, 5, 5, 7, 8]",1
8호선,남한산성입구역,0,1,0,"[6, 8, 12, 10, 10, 9]",1
8호선,남한산성입구역,0,1,1,"[3, 6, 7, 6, 5, 4]",1
8호선,단대오거리역,5,0,0,"[3, 4, 3, 5, 6, 8]",1
8호선,단대오거리역,5,0,1,"[2, 4, 4, 4, 5, 4]",1
8호선,단대오거리역,5,1,0,"[9, 10, 11, 8, 8, 7]",6
8호선,단대오거리역,5,1,1,"[4, 7, 5, 5, 4, 3]",6
8호선,단대오거리역,6,0,0,"[3, 4, 3, 5, 6, 8]",1
8호선,단대오거리역,6,0,1,"[2, 4, 4, 4, 5, 4]",1
8호선,단대오거리역,6,1,0,"[9, 10, 11, 8, 8, 7]",6
8호선,단대오거리역,6,1,1,"[4, 7, 5, 5, 4, 3]",6
8호선,단대오거리역,7,0,0,"[11, 15, 16, 21, 17, 16]",1
8호선,단대오거리역,7,0,1,"[3, 6, 5, 7, 6, 7]",1
8호선,단대오거리역,7,1,0,"[17, 16, 14, 14, 15, 8]",6
8호선,단대오거리역,7,1,1,"[4, 7, 5, 6, 6, 4]",1
8호선,단대오거리역,8,0,0,"[19, 22, 22, 26, 23, 23]",1
8호선,단대오거리역,8,0,1,"[5, 9, 8, 10, 10, 11]",1
8호선,단대오거리역,8,1,0,"[15, 14, 16, 14, 12, 10]",6
8호선,단대오거리역,8,1,1,"[9, 11, 11, 9, 8, 5]",6
8호선,단대오거리역,9,0,0,"[8, 11, 13, 14, 13, 15]",1
8호선,단대오거리역,9,0,1,"[7, 7, 12, 13, 13, 12]",1
8호선,단대오거리역,9,1,0,"[9, 9, 10, 9, 8, 5]",6
8호선,단대오거리역,9,1,1,"[11, 11, 12, 10, 8, 5]",6
8호선,단대오거리역,10,0,0,"[4, 8, 9, 10, 10, 10]",1
8호선,단대오거리역,10,0,1,"[6, 10, 13, 13, 13, 12]",1
8호선,단대오거리역,10,1,0,"[5, 8, 8, 6, 5, 3]",6
8호선,단대오거리역,10,1,1,"[9, 13, 13, 9, 9, 6]",6
8호선,단대오거리역,11,0,0,"[4, 7, 10, 11, 8, 8]",1
8호선,단대오거리역,11,0,1,"[8, 10, 16, 17, 14, 13]",1
8호선,단대오거리역,11,1,0,"[6, 9, 10, 9, 7, 4]",6
8호선,단대오거리역,11,1,1,"[10, 13, 15, 11, 10, 7]",6
8호선,단대오거리역,12,0,0,"[5, 8, 11, 11, 10, 7]",1
8호선,단대오거리역,12,0,1,"[7, 13, 19, 16, 14, 13]",1
8호선,단대오거리역,12,1,0,"[8, 11, 11, 9, 7, 5]",6
8호선,단대오거리역,12,1,1,"[9, 16, 17, 13, 10, 7]",6
8호선,단대오거리역,13,0,0,"[4, 8, 10, 12, 8, 7]",1
8호선,단대오거리역,13,0,1,"[8, 13, 15, 21, 17, 10]",1
8호선,단대오거리역,13,1,0,"[7, 11, 11, 9, 7, 5]",6
8호선,단대오거리역,13,1,1,"[11, 16, 18, 13, 9, 7]",6
8호선,단대오거리역,14,0,0,"[5, 8, 10, 11, 8, 6]",1
8호선,단대오거리역,14,0,1,"[7, 13, 16, 19, 14, 10]",1
8호선,단대오거리역,14,1,0,"[7, 10, 12, 10, 8, 5]",6
8호선,단대오거리역,14,1,1,"[12, 17, 16, 13, 13, 7]",6
8호선,단대오거리역,15,0,0,"[6, 11, 13, 14, 12, 9]",1
8호선,단대오거리역,15,0,1,"[8, 11, 15, 18, 13, 10]",1
8호선,단대오거리역,15,1,0,"[10, 14, 15, 12, 12, 8]",6
8호선,단대오거리역,15,1,1,"[12, 18, 19, 14, 12, 9]",6
8호선,단대오거리역,16,0,0,"[6, 11, 12, 13, 11, 9]",1
8호선,단대오거리역,16,0,1,"[8, 12, 17, 18, 19, 11]",1
8호선,단대오거리역,16,1,0,"[13, 18, 16, 16, 13, 8]",6
8호선,단대오거리역,16,1,1,"[14, 21, 20, 16, 16, 11]",6
8호선,단대오거리역,17,0,0,"[7, 11, 11, 14, 11, 8]",1
8호선,단대오거리역,17,0,1,"[6, 12, 14, 18, 15, 11]",1
8호선,단대오거리역,17,1,0,"[19, 29, 25, 23, 18, 12]",6
8호선,단대오거리역,17,1,1,"[14, 19, 21, 19, 16, 11]",6
8호선,단대오거리역,18,0,0,"[12, 13, 15, 17, 15, 11]",6
8호선,단대오거리역,18,0,1,"[5, 10, 13, 12, 10, 8]",1
8호선,단대오거리역,18,1,0,"[24, 35, 34, 34, 28, 22]",6
8호선,단대오거리역,18,1,1,"[14, 21, 19, 16, 16, 9]",6
8호선,단대오거리역,19,0,0,"[5, 7, 10, 11, 10, 7]",1
8호선,단대오거리역,19,0,1,"[3, 8, 11, 9, 8, 6]",1
8호선,단대오거리역,19,1,0,"[14, 21, 20, 20, 16, 14]",1
8호선,단대오거리역,19,1,1,"[12, 17, 15, 14, 13, 8]",6
8호선,단대오거리역,20,0,0,"[6, 7, 9, 9, 7, 6]",1
8호선,단대오거리역,20,0,1,"[5, 9, 8, 7, 6, 5]",1
8호선,단대오거리역,20,1,0,"[9, 11, 12, 12, 10, 7]",6
8호선,단대오거리역,20,1,1,"[13, 13, 16, 17, 9, 9]",5
8호선,단대오거리역,21,0,0,"[6, 9, 10, 7, 6, 7]",1
8호선,단대오거리역,21,0,1,"[4, 7, 6, 8, 7, 6]",1
8호선,단대오거리역,21,1,0,"[9, 13, 13, 13, 10, 6]",6
8호선,단대오거리역,21,1,1,"[11, 20, 16, 15, 16, 7]",6
8호선,단대오거리역,22,0,0,"[4, 7, 8, 11, 7, 9]",1
8호선,단대오거리역,22,0,1,"[3, 6, 8, 11, 5, 7]",1
8호선,단대오거리역,22,1,0,"[9, 16, 13, 14, 12, 7]",6
8호선,단대오거리역,22,1,1,"[15, 19, 14, 14, 15, 11]",6
8호선,단대오거리역,23,0,0,"[2, 4, 4, 4, 4, 3]",1
8호선,단대오거리역,23,0,1,"[3, 5, 6, 6, 6, 5]",1
8호선,단대오거리역,23,1,0,"[7, 11, 8, 9, 8, 6]",6
8호선,단대오거리역,23,1,1,"[9, 12, 13, 9, 7, 7]",5
8호선,단대오거리역,0,0,0,"[3, 4, 3, 5, 6, 8]",1
8호선,단대오거리역,0,0,1,"[2, 4, 4, 4, 5, 4]",1
8호선,단대오거리역,0,1,0,"[9, 10, 11, 8, 8, 7]",6
8호선,단대오거리역,0,1,1,"[4, 7, 5, 5, 4, 3]",6
8호선,모란역,5,0,0,"[19, 13, 10, 5, 4, 3]",6
8호선,모란역,5,0,1,"[8, 9, 6, 3, 2, 2]",5
8호선,모란역,5,1,0,"[19, 13, 10, 5, 4, 3]",6
8호선,모란역,5,1,1,"[8, 9, 6, 3, 2, 2]",5
8호선,모란역,6,0,0,"[19, 13, 10, 5, 4, 3]",6
8호선,모란역,6,0,1,"[8, 9, 6, 3, 2, 2]",5
8호선,모란역,6,1,0,"[19, 13, 10, 5, 4, 3]",6
8호선,모란역,6,1,1,"[8, 9, 6, 3, 2, 2]",5
8호선,모란역,7,0,0,"[29, 18, 14, 9, 8, 5]",6
8호선,모란역,7,0,1,"[10, 8, 5, 3, 5, 2]",6
8호선,모란역,7,1,0,"[29, 18, 14, 9, 8, 5]",6
8호선,모란역,7,1,1,"[10, 8, 5, 3, 5, 2]",6
8호선,모란역,8,0,0,"[24, 17, 16, 9, 8, 6]",6
8호선,모란역,8,0,1,"[14, 12, 8, 7, 3, 3]",5
8호선,모란역,8,1,0,"[24, 17, 16, 9, 8, 6]",6
8호선,모란역,8,1,1,"[14, 12, 8, 7, 3, 3]",5
8호선,모란역,9,0,0,"[14, 9, 10, 6, 5, 3]",6
8호선,모란역,9,0,1,"[18, 12, 12, 6, 5, 4]",6
8호선,모란역,9,1,0,"[14, 9, 10, 6, 5, 3]",6
8호선,모란역,9,1,1,"[18, 12, 12, 6, 5, 4]",6
8호선,모란역,10,0,0,"[8, 8, 7, 5, 4, 2]",6
8호선,모란역,10,0,1,"[12, 13, 11, 7, 6, 4]",6
8호선,모란역,10,1,0,"[8, 8, 7, 5, 4, 2]",6
8호선,모란역,10,1,1,"[12, 13, 11, 7, 6, 4]",6
8호선,모란역,11,0,0,"[8, 9, 10, 6, 5, 3]",6
8호선,모란역,11,0,1,"[13, 11, 13, 7, 7, 4]",6
8호선,모란역,11,1,0,"[8, 9, 10, 6, 5, 3]",6
8호선,모란역,11,1,1,"[13, 11, 13, 7, 7, 4]",6
8호선,모란역,12,0,0,"[11, 11, 11, 6, 5, 2]",6
8호선,모란역,12,0,1,"[12, 13, 13, 8, 6, 5]",6
8호선,모란역,12,1,0,"[11, 11, 11, 6, 5, 2]",6
8호선,모란역,12,1,1,"[12, 13, 13, 8, 6, 5]",6
8호선,모란역,13,0,0,"[10, 10, 10, 5, 5, 3]",6
8호선,모란역,13,0,1,"[11, 12, 13, 7, 5, 4]",6
8호선,모란역,13,1,0,"[10, 10, 10, 5, 5, 3]",6
8호선,모란역,13,1,1,"[11, 12, 13, 7, 5, 4]",6
8호선,모란역,14,0,0,"[9, 9, 9, 7, 4, 2]",6
8호선,모란역,14,0,1,"[11, 11, 11, 6, 6, 4]",6
8호선,모란역,14,1,0,"[9, 9, 9, 7, 4, 2]",6
8호선,모란역,14,1,1,"[11, 11, 11, 6, 6, 4]",6
8호선,모란역,15,0,0,"[11, 11, 12, 7, 5, 3]",6
8호선,모란역,15,0,1,"[11, 11, 12, 8, 6, 4]",6
8호선,모란역,15,1,0,"[11, 11, 12, 7, 5, 3]",6
8호선,모란역,15,1,1,"[11, 11, 12, 8, 6, 4]",6
8호선,모란역,16,0,0,"[11, 10, 10, 7, 6, 4]",6
8호선,모란역,16,0,1,"[12, 13, 13, 8, 8, 6]",6
8호선,모란역,16,1,0,"[11, 10, 10, 7, 6, 4]",6
8호선,모란역,16,1,1,"[12, 13, 13, 8, 8, 6]",6
8호선,모란역,17,0,0,"[14, 13, 12, 8, 6, 4]",6
8호선,모란역,17,0,1,"[12, 11, 13, 8, 8, 5]",6
8호선,모란역,17,1,0,"[14, 13, 12, 8, 6, 4]",6
8호선,모란역,17,1,1,"[12, 11, 13, 8, 8, 5]",6
8호선,모란역,18,0,0,"[15, 14, 14, 9, 8, 5]",6
8호선,모란역,18,0,1,"[10, 11, 11, 7, 6, 3]",6
8호선,모란역,18,1,0,"[15, 14, 14, 9, 8, 5]",6
8호선,모란역,18,1,1,"[10, 11, 11, 7, 6, 3]",6
8호선,모란역,19,0,0,"[6, 5, 6, 5, 3, 3]",5
8호선,모란역,19,0,1,"[8, 9, 10, 8, 5, 3]",6
8호선,모란역,19,1,0,"[6, 5, 6, 5, 3, 3]",5
8호선,모란역,19,1,1,"[8, 9, 10, 8, 5, 3]",6
8호선,모란역,20,0,0,"[4, 4, 5, 4, 3, 3]",5
8호선,모란역,20,0,1,"[6, 7, 10, 7, 4, 4]",5
8호선,모란역,20,1,0,"[4, 4, 5, 4, 3, 3]",5
8호선,모란역,20,1,1,"[6, 7, 10, 7, 4, 4]",5
8호선,모란역,21,0,0,"[4, 4, 6, 4, 4, 1]",6
8호선,모란역,21,0,1,"[6, 8, 9, 6, 5, 3]",6
8호선,모란역,21,1,0,"[4, 4, 6, 4, 4, 1]",6
8호선,모란역,21,1,1,"[6, 8, 9, 6, 5, 3]",6
8호선,모란역,22,0,0,"[5, 5, 5, 4, 3, 3]",5
8호선,모란역,22,0,1,"[6, 6, 7, 5, 4, 3]",6
8호선,모란역,22,1,0,"[5, 5, 5, 4, 3, 3]",5
8호선,모란역,22,1,1,"[6, 6, 7, 5, 4, 3]",6
8호선,모란역,23,0,0,"[4, 4, 3, 3, 2, 1]",6
8호선,모란역,23,0,1,"[4, 4, 4, 3, 2, 1]",6
8호선,모란역,23,1,0,"[4, 4, 3, 3, 2, 1]",6
8호선,모란역,23,1,1,"[4, 4, 4, 3, 2, 1]",6
8호선,모란역,0,0,0,"[19, 13, 10, 5, 4, 3]",6
8호선,모란역,0,0,1,"[8, 9, 6, 3, 2, 2]",5
8호선,모란역,0,1,0,"[19, 13, 10, 5, 4, 3]",6
8호선,모란역,0,1,1,"[8, 9, 6, 3, 2, 2]",5
8호선,몽촌토성역,5,0,0,"[16, 23, 17, 12, 8, 6]",6
8호선,몽촌토성역,5,0,1,"[15, 25, 19, 15, 11, 7]",6
8호선,몽촌토성역,5,1,0,"[96, 100, 80, 84, 83, 59]",6
8호선,몽촌토성역,5,1,1,"[46, 35, 34, 34, 39, 19]",6
8호선,몽촌토성역,6,0,0,"[16, 23, 17, 12, 8, 6]",6
8호선,몽촌토성역,6,0,1,"[15, 25, 19, 15, 11, 7]",6
8호선,몽촌토성역,6,1,0,"[96, 100, 80, 84, 83, 59]",6
8호선,몽촌토성역,6,1,1,"[46, 35, 34, 34, 39, 19]",6
8호선,몽촌토성역,7,0,0,"[36, 43, 34, 26, 20, 13]",6
8호선,몽촌토성역,7,0,1,"[18, 28, 21, 17, 14, 8]",6
8호선,몽촌토성역,7,1,0,"[128, 142, 154, 147, 145, 109]",6
8호선,몽촌토성역,7,1,1,"[49, 41, 39, 41, 37, 26]",6
8호선,몽촌토성역,8,0,0,"[64, 77, 58, 46, 32, 23]",6
8호선,몽촌토성역,8,0,1,"[35, 41, 38, 33, 22, 14]",6
8호선,몽촌토성역,8,1,0,"[143, 149, 177, 164, 158, 127]",6
8호선,몽촌토성역,8,1,1,"[75, 70, 70, 64, 59, 43]",6
8호선,몽촌토성역,9,0,0,"[37, 46, 35, 31, 21, 14]",6
8호선,몽촌토성역,9,0,1,"[48, 50, 46, 43, 29, 20]",6
8호선,몽촌토성역,9,1,0,"[99, 100, 97, 103, 97, 61]",6
8호선,몽촌토성역,9,1,1,"[93, 88, 88, 79, 72, 51]",6
8호선,몽촌토성역,10,0,0,"[33, 41, 38, 34, 25, 16]",6
8호선,몽촌토성역,10,0,1,"[46, 55, 50, 48, 32, 26]",6
8호선,몽촌토성역,10,1,0,"[52, 53, 53, 50, 44, 31]",6
8호선,몽촌토성역,10,1,1,"[77, 85, 84, 80, 71, 51]",6
8호선,몽촌토성역,11,0,0,"[34, 41, 44, 36, 26, 19]",6
8호선,몽촌토성역,11,0,1,"[51, 66, 58, 57, 40, 27]",6
8호선,몽촌토성역,11,1,0,"[48, 50, 51, 52, 46, 31]",6
8호선,몽촌토성역,11,1,1,"[74, 79, 89, 91, 75, 50]",6
8호선,몽촌토성역,12,0,0,"[38, 50, 44, 40, 33, 23]",6
8호선,몽촌토성역,12,0,1,"[54, 71, 62, 57, 45, 34]",6
8호선,몽촌토성역,12,1,0,"[49, 53, 54, 50, 46, 28]",6
8호선,몽촌토성역,12,1,1,"[75, 85, 90, 85, 74, 53]",6
8호선,몽촌토성역,13,0,0,"[41, 55, 51, 49, 33, 27]",6
8호선,몽촌토성역,13,0,1,"[61, 75, 77, 67, 48, 34]",6
8호선,몽촌토성역,13,1,0,"[46, 49, 49, 49, 47, 34]",6
8호선,몽촌토성역,13,1,1,"[75, 76, 90, 81, 79, 54]",6
8호선,몽촌토성역,14,0,0,"[49, 63, 60, 52, 42, 29]",6
8호선,몽촌토성역,14,0,1,"[58, 78, 75, 71, 58, 37]",6
8호선,몽촌토성역,14,1,0,"[35, 41, 41, 40, 39, 26]",6
8호선,몽촌토성역,14,1,1,"[64, 70, 74, 79, 78, 48]",6
8호선,몽촌토성역,15,0,0,"[59, 82, 78, 69, 55, 40]",6
8호선,몽촌토성역,15,0,1,"[66, 84, 85, 76, 67, 42]",6
8호선,몽촌토성역,15,1,0,"[38, 42, 48, 46, 41, 30]",6
8호선,몽촌토성역,15,1,1,"[57, 70, 87, 84, 76, 51]",6
8호선,몽촌토성역,16,0,0,"[67, 93, 91, 80, 66, 51]",6
8호선,몽촌토성역,16,0,1,"[67, 99, 104, 97, 84, 53]",6
8호선,몽촌토성역,16,1,0,"[45, 48, 48, 52, 45, 32]",6
8호선,몽촌토성역,16,1,1,"[61, 72, 82, 83, 80, 55]",6
8호선,몽촌토성역,17,0,0,"[107, 130, 130, 113, 91, 69]",6
8호선,몽촌토성역,17,0,1,"[76, 107, 94, 98, 79, 57]",6
8호선,몽촌토성역,17,1,0,"[51, 52, 60, 57, 51, 38]",6
8호선,몽촌토성역,17,1,1,"[54, 71, 80, 76, 73, 51]",6
8호선,몽촌토성역,18,0,0,"[166, 183, 169, 153, 127, 98]",6
8호선,몽촌토성역,18,0,1,"[66, 85, 93, 89, 80, 55]",6
8호선,몽촌토성역,18,1,0,"[42, 47, 54, 55, 52, 37]",6
8호선,몽촌토성역,18,1,1,"[48, 53, 56, 53, 58, 43]",6
8호선,몽촌토성역,19,0,0,"[111, 137, 127, 128, 94, 81]",6
8호선,몽촌토성역,19,0,1,"[58, 76, 79, 72, 60, 45]",6
8호선,몽촌토성역,19,1,0,"[20, 23, 27, 27, 27, 21]",1
8호선,몽촌토성역,19,1,1,"[26, 35, 40, 46, 36, 32]",1
8호선,몽촌토성역,20,0,0,"[85, 106, 104, 98, 73, 53]",6
8호선,몽촌토성역,20,0,1,"[53, 69, 82, 77, 65, 47]",6
8호선,몽촌토성역,20,1,0,"[18, 19, 23, 23, 23, 16]",6
8호선,몽촌토성역,20,1,1,"[25, 32, 34, 34, 32, 23]",6
8호선,몽촌토성역,21,0,0,"[87, 117, 112, 85, 78, 51]",6
8호선,몽촌토성역,21,0,1,"[58, 86, 83, 73, 55, 44]",6
8호선,몽촌토성역,21,1,0,"[16, 21, 25, 24, 23, 17]",1
8호선,몽촌토성역,21,1,1,"[18, 24, 29, 29, 30, 22]",1
8호선,몽촌토성역,22,0,0,"[76, 107, 106, 93, 78, 52]",6
8호선,몽촌토성역,22,0,1,"[61, 76, 94, 82, 65, 40]",6
8호선,몽촌토성역,22,1,0,"[20, 23, 22, 22, 21, 13]",6
8호선,몽촌토성역,22,1,1,"[20, 19, 28, 27, 29, 23]",2
8호선,몽촌토성역,23,0,0,"[48, 62, 55, 50, 39, 32]",6
8호선,몽촌토성역,23,0,1,"[32, 59, 45, 47, 43, 29]",6
8호선,몽촌토성역,23,1,0,"[12, 14, 17, 17, 16, 12]",1
8호선,몽촌토성역,23,1,1,"[10, 10, 17, 16, 15, 13]",1
8호선,몽촌토성역,0,0,0,"[16, 23, 17, 12, 8, 6]",6
8호선,몽촌토성역,0,0,1,"[15, 25, 19, 15, 11, 7]",6
8호선,몽촌토성역,0,1,0,"[96, 100, 80, 84, 83, 59]",6
8호선,몽촌토성역,0,1,1,"[46, 35, 34, 34, 39, 19]",6
8호선,문정역,5,0,0,"[16, 23, 20, 25, 31, 36]",1
8호선,문정역,5,0,1,"[11, 17, 15, 17, 16, 20]",1
8호선,문정역,5,1,0,"[26, 39, 54, 49, 48, 36]",1
8호선,문정역,5,1,1,"[12, 17, 24, 20, 25, 12]",1
8호선,문정역,6,0,0,"[16, 23, 20, 25, 31, 36]",1
8호선,문정역,6,0,1,"[11, 17, 15, 17, 16, 20]",1
8호선,문정역,6,1,0,"[26, 39, 54, 49, 48, 36]",1
8호선,문정역,6,1,1,"[12, 17, 24, 20, 25, 12]",1
8호선,문정역,7,0,0,"[53, 72, 71, 79, 79, 90]",1
8호선,문정역,7,0,1,"[15, 24, 22, 25, 26, 26]",1
8호선,문정역,7,1,0,"[57, 72, 84, 89, 92, 73]",1
8호선,문정역,7,1,1,"[17, 23, 27, 27, 20, 18]",1
8호선,문정역,8,0,0,"[84, 116, 121, 118, 112, 109]",1
8호선,문정역,8,0,1,"[30, 37, 40, 45, 42, 47]",1
8호선,문정역,8,1,0,"[64, 78, 109, 111, 100, 82]",1
8호선,문정역,8,1,1,"[25, 34, 47, 39, 36, 23]",6
8호선,문정역,9,0,0,"[49, 62, 62, 63, 59, 67]",1
8호선,문정역,9,0,1,"[43, 47, 51, 58, 52, 52]",1
8호선,문정역,9,1,0,"[43, 57, 76, 74, 71, 49]",1
8호선,문정역,9,1,1,"[32, 47, 52, 46, 34, 31]",6
8호선,문정역,10,0,0,"[28, 39, 44, 44, 43, 44]",1
8호선,문정역,10,0,1,"[39, 54, 60, 59, 54, 59]",1
8호선,문정역,10,1,0,"[23, 35, 41, 36, 28, 20]",6
8호선,문정역,10,1,1,"[29, 53, 57, 52, 37, 27]",6
8호선,문정역,11,0,0,"[23, 32, 36, 40, 32, 32]",1
8호선,문정역,11,0,1,"[40, 54, 68, 70, 57, 55]",1
8호선,문정역,11,1,0,"[27, 37, 45, 39, 30, 20]",6
8호선,문정역,11,1,1,"[37, 49, 65, 50, 38, 26]",6
8호선,문정역,12,0,0,"[22, 31, 35, 34, 32, 33]",1
8호선,문정역,12,0,1,"[43, 60, 68, 67, 60, 55]",1
8호선,문정역,12,1,0,"[30, 47, 54, 42, 30, 21]",6
8호선,문정역,12,1,1,"[34, 53, 67, 50, 41, 28]",6
8호선,문정역,13,0,0,"[21, 30, 36, 38, 30, 29]",1
8호선,문정역,13,0,1,"[42, 54, 64, 69, 55, 51]",1
8호선,문정역,13,1,0,"[29, 41, 48, 43, 34, 24]",6
8호선,문정역,13,1,1,"[42, 61, 72, 56, 41, 32]",6
8호선,문정역,14,0,0,"[23, 33, 36, 35, 28, 23]",1
8호선,문정역,14,0,1,"[37, 53, 60, 63, 54, 41]",1
8호선,문정역,14,1,0,"[32, 43, 52, 40, 32, 21]",6
8호선,문정역,14,1,1,"[44, 57, 70, 56, 48, 31]",6
8호선,문정역,15,0,0,"[27, 36, 43, 42, 31, 29]",1
8호선,문정역,15,0,1,"[37, 55, 66, 62, 51, 42]",1
8호선,문정역,15,1,0,"[37, 49, 62, 48, 38, 30]",6
8호선,문정역,15,1,1,"[46, 63, 81, 64, 51, 35]",6
8호선,문정역,16,0,0,"[31, 42, 49, 45, 38, 35]",1
8호선,문정역,16,0,1,"[39, 62, 70, 65, 61, 49]",1
8호선,문정역,16,1,0,"[50, 68, 72, 61, 49, 37]",6
8호선,문정역,16,1,1,"[48, 69, 82, 65, 60, 46]",6
8호선,문정역,17,0,0,"[42, 54, 50, 50, 42, 42]",1
8호선,문정역,17,0,1,"[44, 54, 56, 62, 46, 40]",6
8호선,문정역,17,1,0,"[72, 87, 107, 92, 71, 53]",6
8호선,문정역,17,1,1,"[53, 71, 87, 72, 58, 40]",6
8호선,문정역,18,0,0,"[57, 67, 63, 61, 50, 49]",6
8호선,문정역,18,0,1,"[27, 39, 45, 46, 37, 28]",1
8호선,문정역,18,1,0,"[82, 102, 137, 116, 93, 70]",6
8호선,문정역,18,1,1,"[54, 77, 80, 58, 55, 42]",6
8호선,문정역,19,0,0,"[36, 46, 45, 44, 34, 33]",6
8호선,문정역,19,0,1,"[20, 26, 34, 31, 23, 20]",1
8호선,문정역,19,1,0,"[49, 62, 73, 66, 53, 42]",6
8호선,문정역,19,1,1,"[42, 55, 64, 55, 44, 37]",6
8호선,문정역,20,0,0,"[28, 34, 35, 31, 29, 27]",6
8호선,문정역,20,0,1,"[15, 27, 32, 24, 20, 17]",1
8호선,문정역,20,1,0,"[37, 43, 54, 47, 41, 28]",6
8호선,문정역,20,1,1,"[42, 56, 68, 56, 42, 36]",6
8호선,문정역,21,0,0,"[25, 34, 34, 23, 23, 24]",4
8호선,문정역,21,0,1,"[17, 27, 25, 20, 21, 17]",1
8호선,문정역,21,1,0,"[38, 49, 56, 50, 38, 28]",6
8호선,문정역,21,1,1,"[41, 66, 75, 57, 50, 35]",6
8호선,문정역,22,0,0,"[20, 28, 26, 26, 22, 21]",1
8호선,문정역,22,0,1,"[15, 21, 24, 20, 16, 14]",6
8호선,문정역,22,1,0,"[43, 54, 51, 54, 44, 30]",6
8호선,문정역,22,1,1,"[44, 61, 73, 61, 49, 36]",6
8호선,문정역,23,0,0,"[9, 13, 13, 12, 11, 9]",1
8호선,문정역,23,0,1,"[8, 12, 16, 15, 12, 8]",1
8호선,문정역,23,1,0,"[25, 34, 38, 37, 28, 21]",6
8호선,문정역,23,1,1,"[27, 36, 41, 35, 30, 27]",1
8호선,문정역,0,0,0,"[16, 23, 20, 25, 31, 36]",1
8호선,문정역,0,0,1,"[11, 17, 15, 17, 16, 20]",1
8호선,문정역,0,1,0,"[26, 39, 54, 49, 48, 36]",1
8호선,문정역,0,1,1,"[12, 17, 24, 20, 25, 12]",1
8호선,복정역,5,0,0,"[8, 12, 10, 15, 21, 22]",1
8호선,복정역,5,0,1,"[6, 9, 7, 9, 10, 12]",1
8호선,복정역,5,1,0,"[20, 23, 33, 30, 26, 21]",1
8호선,복정역,5,1,1,"[9, 12, 17, 15, 13, 9]",1
8호선,복정역,6,0,0,"[8, 12, 10, 15, 21, 22]",1
8호선,복정역,6,0,1,"[6, 9, 7, 9, 10, 12]",1
8호선,복정역,6,1,0,"[20, 23, 33, 30, 26, 21]",1
8호선,복정역,6,1,1,"[9, 12, 17, 15, 13, 9]",1
8호선,복정역,7,0,0,"[32, 41, 39, 45, 44, 54]",1
8호선,복정역,7,0,1,"[6, 14, 10, 12, 15, 15]",1
8호선,복정역,7,1,0,"[34, 39, 48, 51, 43, 37]",1
8호선,복정역,7,1,1,"[11, 14, 17, 17, 12, 11]",1
8호선,복정역,8,0,0,"[53, 66, 66, 60, 67, 63]",1
8호선,복정역,8,0,1,"[18, 20, 22, 26, 27, 28]",1
8호선,복정역,8,1,0,"[26, 28, 42, 43, 32, 30]",1
8호선,복정역,8,1,1,"[18, 24, 31, 26, 21, 13]",6
8호선,복정역,9,0,0,"[26, 31, 31, 29, 32, 36]",1
8호선,복정역,9,0,1,"[22, 24, 23, 28, 31, 26]",1
8호선,복정역,9,1,0,"[23, 25, 37, 35, 26, 23]",1
8호선,복정역,9,1,1,"[22, 26, 33, 29, 21, 19]",6
8호선,복정역,10,0,0,"[12, 19, 19, 19, 22, 21]",1
8호선,복정역,10,0,1,"[19, 24, 30, 26, 30, 30]",1
8호선,복정역,10,1,0,"[14, 19, 23, 21, 15, 12]",6
8호선,복정역,10,1,1,"[19, 29, 34, 31, 21, 16]",6
8호선,복정역,11,0,0,"[10, 13, 16, 16, 15, 15]",1
8호선,복정역,11,0,1,"[19, 24, 32, 32, 30, 29]",1
8호선,복정역,11,1,0,"[16, 19, 25, 24, 17, 13]",6
8호선,복정역,11,1,1,"[21, 27, 39, 32, 21, 17]",6
8호선,복정역,12,0,0,"[10, 16, 18, 15, 17, 17]",1
8호선,복정역,12,0,1,"[17, 27, 31, 27, 28, 28]",1
8호선,복정역,12,1,0,"[19, 28, 33, 26, 19, 14]",6
8호선,복정역,12,1,1,"[20, 32, 40, 30, 25, 18]",6
8호선,복정역,13,0,0,"[9, 14, 16, 16, 14, 14]",1
8호선,복정역,13,0,1,"[18, 25, 28, 29, 28, 24]",1
8호선,복정역,13,1,0,"[19, 24, 31, 28, 20, 16]",6
8호선,복정역,13,1,1,"[24, 34, 44, 36, 25, 20]",6
8호선,복정역,14,0,0,"[10, 15, 14, 15, 11, 10]",1
8호선,복정역,14,0,1,"[15, 27, 28, 28, 26, 20]",1
8호선,복정역,14,1,0,"[21, 25, 33, 28, 19, 15]",6
8호선,복정역,14,1,1,"[28, 34, 43, 37, 30, 21]",6
8호선,복정역,15,0,0,"[10, 16, 18, 16, 13, 14]",1
8호선,복정역,15,0,1,"[16, 24, 28, 29, 24, 21]",1
8호선,복정역,15,1,0,"[27, 32, 42, 33, 28, 23]",6
8호선,복정역,15,1,1,"[29, 41, 53, 43, 34, 28]",6
8호선,복정역,16,0,0,"[14, 19, 19, 19, 16, 17]",1
8호선,복정역,16,0,1,"[16, 23, 30, 26, 30, 20]",1
8호선,복정역,16,1,0,"[35, 41, 48, 41, 34, 26]",6
8호선,복정역,16,1,1,"[32, 44, 57, 46, 39, 31]",6
8호선,복정역,17,0,0,"[18, 21, 19, 19, 19, 18]",1
8호선,복정역,17,0,1,"[17, 23, 22, 23, 22, 17]",1
8호선,복정역,17,1,0,"[57, 66, 80, 73, 55, 45]",6
8호선,복정역,17,1,1,"[36, 47, 60, 47, 41, 31]",6
8호선,복정역,18,0,0,"[22, 22, 20, 21, 19, 18]",6
8호선,복정역,18,0,1,"[10, 14, 16, 14, 12, 12]",1
8호선,복정역,18,1,0,"[67, 77, 106, 92, 76, 61]",6
8호선,복정역,18,1,1,"[36, 48, 54, 40, 40, 32]",6
8호선,복정역,19,0,0,"[12, 14, 13, 10, 11, 12]",4
8호선,복정역,19,0,1,"[6, 9, 11, 10, 7, 7]",1
8호선,복정역,19,1,0,"[36, 43, 54, 50, 39, 33]",6
8호선,복정역,19,1,1,"[28, 38, 45, 41, 35, 30]",1
8호선,복정역,20,0,0,"[8, 10, 11, 9, 9, 8]",1
8호선,복정역,20,0,1,"[5, 9, 12, 7, 8, 5]",1
8호선,복정역,20,1,0,"[27, 30, 40, 37, 31, 24]",6
8호선,복정역,20,1,1,"[29, 38, 46, 44, 33, 33]",1
8호선,복정역,21,0,0,"[9, 10, 11, 8, 8, 9]",4
8호선,복정역,21,0,1,"[5, 8, 8, 7, 8, 6]",1
8호선,복정역,21,1,0,"[28, 33, 44, 38, 29, 21]",6
8호선,복정역,21,1,1,"[33, 49, 55, 41, 39, 28]",6
8호선,복정역,22,0,0,"[6, 9, 10, 10, 8, 9]",1
8호선,복정역,22,0,1,"[5, 8, 10, 9, 7, 7]",1
8호선,복정역,22,1,0,"[32, 40, 41, 43, 33, 22]",6
8호선,복정역,22,1,1,"[36, 42, 51, 48, 36, 28]",6
8호선,복정역,23,0,0,"[5, 6, 5, 7, 4, 5]",5
8호선,복정역,23,0,1,"[3, 5, 6, 5, 5, 4]",1
8호선,복정역,23,1,0,"[19, 19, 21, 25, 19, 17]",6
8호선,복정역,23,1,1,"[23, 23, 28, 29, 21, 19]",6
8호선,복정역,0,0,0,"[8, 12, 10, 15, 21, 22]",1
8호선,복정역,0,0,1,"[6, 9, 7, 9, 10, 12]",1
8호선,복정역,0,1,0,"[20, 23, 33, 30, 26, 21]",1
8호선,복정역,0,1,1,"[9, 12, 17, 15, 13, 9]",1
8호선,산성역,5,0,0,"[8, 12, 10, 14, 18, 20]",1
8호선,산성역,5,0,1,"[5, 9, 6, 7, 9, 11]",1
8호선,산성역,5,1,0,"[9, 10, 12, 10, 11, 10]",1
8호선,산성역,5,1,1,"[5, 7, 7, 7, 6, 4]",6
8호선,산성역,6,0,0,"[8, 12, 10, 14, 18, 20]",1
8호선,산성역,6,0,1,"[5, 9, 6, 7, 9, 11]",1
8호선,산성역,6,1,0,"[9, 10, 12, 10, 11, 10]",1
8호선,산성역,6,1,1,"[5, 7, 7, 7, 6, 4]",6
8호선,산성역,7,0,0,"[30, 40, 41, 43, 39, 44]",1
8호선,산성역,7,0,1,"[6, 14, 10, 12, 12, 14]",1
8호선,산성역,7,1,0,"[13, 15, 13, 14, 18, 12]",6
8호선,산성역,7,1,1,"[5, 7, 8, 6, 7, 6]",1
8호선,산성역,8,0,0,"[47, 55, 56, 49, 52, 53]",1
8호선,산성역,8,0,1,"[16, 19, 19, 22, 22, 24]",1
8호선,산성역,8,1,0,"[12, 13, 17, 17, 14, 12]",1
8호선,산성역,8,1,1,"[6, 11, 13, 10, 9, 6]",1
8호선,산성역,9,0,0,"[20, 27, 25, 23, 26, 27]",1
8호선,산성역,9,0,1,"[21, 22, 23, 23, 26, 23]",1
8호선,산성역,9,1,0,"[11, 12, 15, 15, 12, 9]",6
8호선,산성역,9,1,1,"[10, 10, 12, 11, 10, 6]",6
8호선,산성역,10,0,0,"[9, 15, 16, 15, 16, 16]",1
8호선,산성역,10,0,1,"[16, 22, 26, 22, 27, 25]",1
8호선,산성역,10,1,0,"[6, 9, 10, 9, 8, 5]",6
8호선,산성역,10,1,1,"[8, 13, 13, 10, 9, 6]",6
8호선,산성역,11,0,0,"[8, 12, 15, 13, 12, 13]",1
8호선,산성역,11,0,1,"[16, 19, 29, 27, 26, 23]",1
8호선,산성역,11,1,0,"[7, 10, 11, 11, 9, 6]",6
8호선,산성역,11,1,1,"[11, 14, 15, 13, 9, 8]",6
8호선,산성역,12,0,0,"[8, 14, 15, 13, 14, 14]",1
8호선,산성역,12,0,1,"[15, 25, 27, 24, 25, 23]",1
8호선,산성역,12,1,0,"[9, 14, 14, 12, 10, 6]",6
8호선,산성역,12,1,1,"[10, 16, 18, 14, 14, 10]",1
8호선,산성역,13,0,0,"[8, 12, 13, 15, 11, 11]",1
8호선,산성역,13,0,1,"[16, 23, 24, 27, 25, 20]",1
8호선,산성역,13,1,0,"[10, 13, 14, 12, 11, 8]",6
8호선,산성역,13,1,1,"[13, 18, 20, 15, 11, 10]",6
8호선,산성역,14,0,0,"[8, 11, 12, 11, 9, 8]",1
8호선,산성역,14,0,1,"[13, 23, 24, 25, 20, 15]",1
8호선,산성역,14,1,0,"[11, 13, 15, 13, 10, 7]",6
8호선,산성역,14,1,1,"[14, 18, 20, 17, 15, 11]",6
8호선,산성역,15,0,0,"[9, 15, 16, 14, 12, 12]",1
8호선,산성역,15,0,1,"[14, 22, 24, 23, 20, 16]",1
8호선,산성역,15,1,0,"[15, 17, 18, 16, 17, 13]",6
8호선,산성역,15,1,1,"[16, 21, 23, 20, 16, 14]",6
8호선,산성역,16,0,0,"[12, 17, 18, 17, 15, 14]",1
8호선,산성역,16,0,1,"[14, 22, 25, 22, 25, 18]",1
8호선,산성역,16,1,0,"[20, 23, 21, 20, 19, 14]",6
8호선,산성역,16,1,1,"[20, 25, 27, 22, 21, 17]",6
8호선,산성역,17,0,0,"[15, 19, 16, 15, 16, 15]",1
8호선,산성역,17,0,1,"[12, 19, 18, 19, 16, 13]",1
8호선,산성역,17,1,0,"[29, 36, 35, 30, 29, 24]",6
8호선,산성역,17,1,1,"[20, 27, 31, 23, 23, 16]",6
8호선,산성역,18,0,0,"[21, 20, 17, 17, 16, 14]",6
8호선,산성역,18,0,1,"[10, 13, 14, 12, 9, 11]",5
8호선,산성역,18,1,0,"[42, 49, 55, 48, 44, 39]",6
8호선,산성역,18,1,1,"[22, 29, 30, 20, 24, 15]",6
8호선,산성역,19,0,0,"[8, 11, 11, 10, 9, 9]",1
8호선,산성역,19,0,1,"[5, 9, 10, 10, 6, 6]",1
8호선,산성역,19,1,0,"[23, 30, 33, 29, 25, 23]",1
8호선,산성역,19,1,1,"[18, 22, 25, 21, 20, 19]",1
8호선,산성역,20,0,0,"[8, 9, 10, 8, 8, 6]",6
8호선,산성역,20,0,1,"[4, 8, 11, 6, 7, 4]",1
8호선,산성역,20,1,0,"[16, 17, 20, 19, 17, 15]",6
8호선,산성역,20,1,1,"[18, 21, 25, 25, 16, 17]",5
8호선,산성역,21,0,0,"[8, 9, 10, 7, 6, 7]",5
8호선,산성역,21,0,1,"[5, 7, 7, 6, 6, 7]",1
8호선,산성역,21,1,0,"[17, 20, 22, 21, 17, 14]",6
8호선,산성역,21,1,1,"[18, 30, 26, 22, 22, 14]",6
8호선,산성역,22,0,0,"[5, 9, 9, 8, 7, 7]",1
8호선,산성역,22,0,1,"[4, 8, 7, 10, 6, 8]",1
8호선,산성역,22,1,0,"[19, 25, 21, 22, 18, 13]",6
8호선,산성역,22,1,1,"[24, 28, 28, 22, 18, 18]",5
8호선,산성역,23,0,0,"[2, 5, 5, 4, 4, 4]",1
8호선,산성역,23,0,1,"[3, 5, 7, 5, 4, 4]",1
8호선,산성역,23,1,0,"[14, 14, 14, 16, 13, 12]",6
8호선,산성역,23,1,1,"[16, 16, 22, 14, 17, 16]",4
8호선,산성역,0,0,0,"[8, 12, 10, 14, 18, 20]",1
8호선,산성역,0,0,1,"[5, 9, 6, 7, 9, 11]",1
8호선,산성역,0,1,0,"[9, 10, 12, 10, 11, 10]",1
8호선,산성역,0,1,1,"[5, 7, 7, 7, 6, 4]",6
8호선,석촌역,5,0,0,"[20, 30, 25, 26, 34, 39]",1
8호선,석촌역,5,0,1,"[17, 25, 22, 19, 18, 24]",1
8호선,석촌역,5,1,0,"[54, 67, 62, 59, 57, 40]",6
8호선,석촌역,5,1,1,"[26, 27, 29, 26, 28, 16]",6
8호선,석촌역,6,0,0,"[20, 30, 25, 26, 34, 39]",1
8호선,석촌역,6,0,1,"[17, 25, 22, 19, 18, 24]",1
8호선,석촌역,6,1,0,"[54, 67, 62, 59, 57, 40]",6
8호선,석촌역,6,1,1,"[26, 27, 29, 26, 28, 16]",6
8호선,석촌역,7,0,0,"[65, 81, 75, 76, 83, 93]",1
8호선,석촌역,7,0,1,"[19, 33, 27, 29, 28, 28]",1
8호선,석촌역,7,1,0,"[72, 92, 107, 99, 101, 81]",1
8호선,석촌역,7,1,1,"[27, 30, 34, 30, 23, 20]",6
8호선,석촌역,8,0,0,"[103, 134, 129, 122, 121, 120]",1
8호선,석촌역,8,0,1,"[42, 50, 51, 50, 44, 54]",1
8호선,석촌역,8,1,0,"[83, 92, 129, 122, 114, 92]",1
8호선,석촌역,8,1,1,"[41, 46, 57, 52, 43, 32]",6
8호선,석촌역,9,0,0,"[62, 77, 75, 74, 70, 80]",1
8호선,석촌역,9,0,1,"[59, 58, 64, 70, 63, 63]",2
8호선,석촌역,9,1,0,"[54, 66, 78, 82, 80, 51]",6
8호선,석촌역,9,1,1,"[52, 60, 68, 58, 46, 39]",6
8호선,석촌역,10,0,0,"[41, 56, 60, 59, 56, 59]",1
8호선,석촌역,10,0,1,"[58, 74, 78, 74, 69, 72]",1
8호선,석촌역,10,1,0,"[32, 42, 45, 41, 33, 22]",6
8호선,석촌역,10,1,1,"[44, 65, 62, 63, 46, 31]",6
8호선,석촌역,11,0,0,"[38, 49, 54, 53, 47, 49]",1
8호선,석촌역,11,0,1,"[60, 83, 92, 87, 76, 75]",1
8호선,석촌역,11,1,0,"[34, 41, 48, 43, 36, 25]",6
8호선,석촌역,11,1,1,"[50, 61, 73, 61, 48, 31]",6
8호선,석촌역,12,0,0,"[40, 51, 54, 50, 46, 51]",1
8호선,석촌역,12,0,1,"[64, 89, 90, 87, 78, 75]",1
8호선,석촌역,12,1,0,"[37, 50, 55, 48, 39, 24]",6
8호선,석촌역,12,1,1,"[46, 60, 77, 63, 48, 38]",6
8호선,석촌역,13,0,0,"[40, 54, 55, 54, 47, 49]",1
8호선,석촌역,13,0,1,"[67, 89, 95, 91, 80, 72]",1
8호선,석촌역,13,1,0,"[39, 52, 51, 48, 38, 29]",6
8호선,석촌역,13,1,1,"[49, 66, 80, 66, 56, 40]",6
8호선,석촌역,14,0,0,"[41, 54, 53, 51, 43, 39]",6
8호선,석촌역,14,0,1,"[60, 85, 88, 85, 79, 58]",6
8호선,석촌역,14,1,0,"[38, 48, 53, 47, 39, 25]",6
8호선,석촌역,14,1,1,"[57, 64, 70, 69, 60, 38]",6
8호선,석촌역,15,0,0,"[48, 65, 68, 62, 52, 50]",1
8호선,석촌역,15,0,1,"[62, 88, 90, 84, 76, 64]",1
8호선,석촌역,15,1,0,"[43, 58, 65, 53, 43, 34]",6
8호선,석촌역,15,1,1,"[51, 71, 88, 76, 63, 41]",6
8호선,석촌역,16,0,0,"[54, 71, 75, 68, 60, 58]",1
8호선,석촌역,16,0,1,"[58, 87, 99, 88, 81, 68]",1
8호선,석촌역,16,1,0,"[56, 67, 73, 70, 57, 40]",6
8호선,석촌역,16,1,1,"[57, 77, 91, 82, 72, 53]",6
8호선,석촌역,17,0,0,"[83, 104, 101, 90, 82, 80]",6
8호선,석촌역,17,0,1,"[67, 88, 78, 86, 69, 61]",6
8호선,석촌역,17,1,0,"[78, 93, 102, 97, 76, 57]",6
8호선,석촌역,17,1,1,"[62, 90, 93, 86, 72, 52]",6
8호선,석촌역,18,0,0,"[129, 140, 130, 118, 98, 91]",6
8호선,석촌역,18,0,1,"[51, 65, 72, 70, 60, 49]",6
8호선,석촌역,18,1,0,"[73, 99, 128, 113, 92, 71]",6
8호선,석촌역,18,1,1,"[59, 78, 80, 67, 63, 48]",6
8호선,석촌역,19,0,0,"[74, 90, 81, 75, 62, 64]",5
8호선,석촌역,19,0,1,"[35, 48, 52, 47, 37, 30]",6
8호선,석촌역,19,1,0,"[50, 59, 69, 60, 53, 41]",6
8호선,석촌역,19,1,1,"[49, 63, 63, 64, 47, 42]",6
8호선,석촌역,20,0,0,"[52, 65, 59, 54, 49, 44]",6
8호선,석촌역,20,0,1,"[31, 44, 48, 38, 36, 26]",6
8호선,석촌역,20,1,0,"[40, 47, 50, 46, 42, 29]",6
8호선,석촌역,20,1,1,"[50, 68, 65, 54, 46, 41]",6
8호선,석촌역,21,0,0,"[48, 65, 63, 44, 46, 37]",6
8호선,석촌역,21,0,1,"[30, 42, 39, 33, 28, 24]",6
8호선,석촌역,21,1,0,"[41, 51, 56, 50, 38, 27]",6
8호선,석촌역,21,1,1,"[46, 62, 74, 57, 52, 37]",6
8호선,석촌역,22,0,0,"[38, 54, 53, 52, 39, 39]",1
8호선,석촌역,22,0,1,"[29, 35, 46, 32, 37, 25]",6
8호선,석촌역,22,1,0,"[40, 55, 52, 51, 44, 28]",6
8호선,석촌역,22,1,1,"[44, 54, 57, 55, 50, 37]",6
8호선,석촌역,23,0,0,"[25, 32, 31, 27, 24, 22]",6
8호선,석촌역,23,0,1,"[15, 26, 23, 21, 16, 15]",1
8호선,석촌역,23,1,0,"[23, 26, 39, 30, 29, 22]",6
8호선,석촌역,23,1,1,"[18, 23, 29, 24, 22, 22]",1
8호선,석촌역,0,0,0,"[20, 30, 25, 26, 34, 39]",1
8호선,석촌역,0,0,1,"[17, 25, 22, 19, 18, 24]",1
8호선,석촌역,0,1,0,"[54, 67, 62, 59, 57, 40]",6
8호선,석촌역,0,1,1,"[26, 27, 29, 26, 28, 16]",6
8호선,송파역,5,0,0,"[18, 28, 25, 26, 32, 36]",1
8호선,송파역,5,0,1,"[17, 24, 20, 19, 18, 22]",1
8호선,송파역,5,1,0,"[49, 60, 62, 61, 56, 40]",6
8호선,송파역,5,1,1,"[20, 24, 27, 25, 28, 15]",6
8호선,송파역,6,0,0,"[18, 28, 25, 26, 32, 36]",1
8호선,송파역,6,0,1,"[17, 24, 20, 19, 18, 22]",1
8호선,송파역,6,1,0,"[49, 60, 62, 61, 56, 40]",6
8호선,송파역,6,1,1,"[20, 24, 27, 25, 28, 15]",6
8호선,송파역,7,0,0,"[58, 74, 71, 76, 80, 90]",1
8호선,송파역,7,0,1,"[18, 30, 26, 30, 27, 29]",1
8호선,송파역,7,1,0,"[73, 92, 107, 98, 106, 87]",1
8호선,송파역,7,1,1,"[24, 28, 33, 30, 23, 20]",6
8호선,송파역,8,0,0,"[87, 116, 117, 114, 108, 109]",1
8호선,송파역,8,0,1,"[38, 45, 47, 50, 44, 53]",1
8호선,송파역,8,1,0,"[80, 98, 135, 127, 119, 99]",1
8호선,송파역,8,1,1,"[35, 43, 55, 48, 39, 30]",6
8호선,송파역,9,0,0,"[63, 76, 78, 79, 72, 81]",1
8호선,송파역,9,0,1,"[55, 56, 62, 70, 62, 60]",1
8호선,송파역,9,1,0,"[51, 66, 78, 78, 78, 52]",1
8호선,송파역,9,1,1,"[45, 57, 67, 57, 43, 38]",6
8호선,송파역,10,0,0,"[38, 50, 56, 57, 54, 56]",1
8호선,송파역,10,0,1,"[53, 69, 73, 72, 67, 68]",1
8호선,송파역,10,1,0,"[29, 41, 46, 38, 32, 21]",6
8호선,송파역,10,1,1,"[37, 66, 62, 64, 44, 29]",6
8호선,송파역,11,0,0,"[33, 43, 51, 52, 45, 45]",1
8호선,송파역,11,0,1,"[54, 73, 84, 83, 74, 70]",1
8호선,송파역,11,1,0,"[34, 47, 53, 43, 35, 24]",6
8호선,송파역,11,1,1,"[47, 60, 74, 55, 46, 31]",6
8호선,송파역,12,0,0,"[36, 46, 51, 48, 44, 49]",1
8호선,송파역,12,0,1,"[59, 80, 88, 85, 78, 72]",1
8호선,송파역,12,1,0,"[37, 53, 59, 47, 37, 24]",6
8호선,송파역,12,1,1,"[42, 59, 80, 59, 48, 34]",6
8호선,송파역,13,0,0,"[37, 48, 53, 53, 46, 46]",1
8호선,송파역,13,0,1,"[60, 80, 88, 92, 78, 72]",1
8호선,송파역,13,1,0,"[41, 55, 55, 48, 39, 29]",6
8호선,송파역,13,1,1,"[45, 66, 80, 71, 50, 38]",6
8호선,송파역,14,0,0,"[37, 51, 52, 50, 41, 37]",1
8호선,송파역,14,0,1,"[57, 74, 82, 84, 78, 55]",6
8호선,송파역,14,1,0,"[39, 52, 59, 46, 40, 26]",6
8호선,송파역,14,1,1,"[54, 62, 74, 64, 59, 38]",6
8호선,송파역,15,0,0,"[43, 60, 66, 64, 51, 48]",1
8호선,송파역,15,0,1,"[57, 82, 88, 86, 75, 61]",1
8호선,송파역,15,1,0,"[45, 60, 70, 53, 42, 32]",6
8호선,송파역,15,1,1,"[50, 75, 93, 75, 62, 39]",6
8호선,송파역,16,0,0,"[53, 67, 76, 70, 61, 58]",1
8호선,송파역,16,0,1,"[53, 84, 95, 87, 82, 68]",1
8호선,송파역,16,1,0,"[59, 76, 80, 72, 57, 41]",6
8호선,송파역,16,1,1,"[56, 82, 95, 83, 70, 53]",6
8호선,송파역,17,0,0,"[82, 103, 103, 94, 82, 80]",6
8호선,송파역,17,0,1,"[65, 80, 77, 86, 69, 60]",6
8호선,송파역,17,1,0,"[82, 102, 116, 102, 80, 61]",6
8호선,송파역,17,1,1,"[66, 92, 96, 85, 71, 49]",6
8호선,송파역,18,0,0,"[129, 137, 133, 122, 100, 94]",6
8호선,송파역,18,0,1,"[48, 63, 68, 68, 60, 48]",1
8호선,송파역,18,1,0,"[91, 119, 148, 125, 101, 78]",6
8호선,송파역,18,1,1,"[60, 86, 90, 69, 62, 48]",6
8호선,송파역,19,0,0,"[68, 86, 81, 76, 64, 62]",6
8호선,송파역,19,0,1,"[32, 47, 52, 48, 39, 30]",6
8호선,송파역,19,1,0,"[59, 68, 81, 67, 58, 45]",6
8호선,송파역,19,1,1,"[52, 69, 73, 65, 50, 44]",6
8호선,송파역,20,0,0,"[49, 62, 63, 55, 49, 44]",6
8호선,송파역,20,0,1,"[29, 42, 48, 41, 36, 25]",6
8호선,송파역,20,1,0,"[44, 54, 58, 50, 44, 31]",6
8호선,송파역,20,1,1,"[51, 70, 73, 58, 49, 40]",6
8호선,송파역,21,0,0,"[47, 65, 63, 46, 46, 38]",6
8호선,송파역,21,0,1,"[31, 41, 39, 33, 31, 24]",6
8호선,송파역,21,1,0,"[47, 61, 63, 57, 44, 31]",6
8호선,송파역,21,1,1,"[49, 73, 81, 64, 58, 42]",6
8호선,송파역,22,0,0,"[39, 55, 53, 53, 43, 42]",1
8호선,송파역,22,0,1,"[36, 37, 55, 37, 30, 26]",6
8호선,송파역,22,1,0,"[46, 64, 61, 57, 49, 32]",6
8호선,송파역,22,1,1,"[51, 67, 74, 65, 57, 47]",6
8호선,송파역,23,0,0,"[26, 35, 31, 29, 30, 19]",6
8호선,송파역,23,0,1,"[15, 26, 24, 22, 18, 15]",1
8호선,송파역,23,1,0,"[28, 36, 44, 36, 32, 23]",6
8호선,송파역,23,1,1,"[27, 38, 45, 39, 34, 30]",1
8호선,송파역,0,0,0,"[18, 28, 25, 26, 32, 36]",1
8호선,송파역,0,0,1,"[17, 24, 20, 19, 18, 22]",1
8호선,송파역,0,1,0,"[49, 60, 62, 61, 56, 40]",6
8호선,송파역,0,1,1,"[20, 24, 27, 25, 28, 15]",6
8호선,수진역,5,0,0,"[1, 2, 2, 3, 2, 1]",1
8호선,수진역,5,0,1,"[1, 2, 2, 3, 2, 2]",1
8호선,수진역,5,1,0,"[18, 12, 10, 4, 5, 4]",4
8호선,수진역,5,1,1,"[7, 8, 6, 4, 2, 3]",5
8호선,수진역,6,0,0,"[1, 2, 2, 3, 2, 1]",1
8호선,수진역,6,0,1,"[1, 2, 2, 3, 2, 2]",1
8호선,수진역,6,1,0,"[18, 12, 10, 4, 5, 4]",4
8호선,수진역,6,1,1,"[7, 8, 6, 4, 2, 3]",5
8호선,수진역,7,0,0,"[4, 6, 9, 11, 6, 5]",1
8호선,수진역,7,0,1,"[1, 2, 2, 6, 2, 2]",1
8호선,수진역,7,1,0,"[27, 19, 16, 11, 10, 7]",6
8호선,수진역,7,1,1,"[9, 8, 5, 4, 5, 3]",6
8호선,수진역,8,0,0,"[6, 9, 11, 13, 12, 13]",1
8호선,수진역,8,0,1,"[2, 4, 4, 7, 4, 3]",1
8호선,수진역,8,1,0,"[22, 17, 17, 12, 9, 8]",6
8호선,수진역,8,1,1,"[14, 12, 11, 8, 5, 4]",6
8호선,수진역,9,0,0,"[5, 7, 8, 10, 7, 8]",1
8호선,수진역,9,0,1,"[4, 3, 8, 10, 9, 7]",2
8호선,수진역,9,1,0,"[13, 10, 12, 8, 7, 4]",6
8호선,수진역,9,1,1,"[16, 11, 13, 9, 7, 5]",6
8호선,수진역,10,0,0,"[3, 6, 7, 8, 7, 6]",1
8호선,수진역,10,0,1,"[4, 5, 9, 10, 10, 5]",1
8호선,수진역,10,1,0,"[7, 8, 8, 6, 4, 3]",6
8호선,수진역,10,1,1,"[13, 14, 12, 9, 8, 6]",6
8호선,수진역,11,0,0,"[3, 5, 8, 8, 7, 5]",1
8호선,수진역,11,0,1,"[4, 7, 10, 11, 7, 7]",1
8호선,수진역,11,1,0,"[7, 9, 10, 8, 6, 4]",6
8호선,수진역,11,1,1,"[12, 12, 14, 10, 8, 5]",6
8호선,수진역,12,0,0,"[3, 7, 9, 10, 8, 5]",1
8호선,수진역,12,0,1,"[3, 7, 12, 10, 9, 8]",1
8호선,수진역,12,1,0,"[10, 11, 11, 7, 5, 3]",6
8호선,수진역,12,1,1,"[13, 14, 15, 9, 7, 5]",6
8호선,수진역,13,0,0,"[3, 6, 9, 13, 8, 5]",1
8호선,수진역,13,0,1,"[5, 8, 10, 14, 11, 6]",1
8호선,수진역,13,1,0,"[10, 10, 11, 8, 6, 3]",6
8호선,수진역,13,1,1,"[12, 14, 15, 11, 6, 5]",6
8호선,수진역,14,0,0,"[4, 6, 9, 11, 8, 5]",1
8호선,수진역,14,0,1,"[4, 7, 11, 11, 11, 5]",1
8호선,수진역,14,1,0,"[9, 9, 10, 9, 5, 3]",6
8호선,수진역,14,1,1,"[11, 13, 13, 9, 8, 5]",6
8호선,수진역,15,0,0,"[4, 8, 10, 13, 11, 7]",1
8호선,수진역,15,0,1,"[5, 9, 10, 13, 8, 6]",1
8호선,수진역,15,1,0,"[11, 11, 13, 8, 6, 4]",6
8호선,수진역,15,1,1,"[12, 13, 15, 8, 7, 5]",6
8호선,수진역,16,0,0,"[3, 8, 9, 12, 9, 7]",1
8호선,수진역,16,0,1,"[4, 7, 11, 13, 12, 7]",1
8호선,수진역,16,1,0,"[12, 11, 12, 10, 7, 5]",6
8호선,수진역,16,1,1,"[14, 16, 16, 10, 9, 7]",6
8호선,수진역,17,0,0,"[6, 9, 10, 13, 11, 7]",1
8호선,수진역,17,0,1,"[4, 9, 10, 13, 11, 6]",1
8호선,수진역,17,1,0,"[14, 16, 15, 11, 8, 6]",6
8호선,수진역,17,1,1,"[12, 14, 15, 10, 10, 7]",6
8호선,수진역,18,0,0,"[11, 13, 15, 17, 14, 11]",1
8호선,수진역,18,0,1,"[4, 8, 9, 13, 8, 8]",1
8호선,수진역,18,1,0,"[17, 17, 20, 14, 11, 8]",6
8호선,수진역,18,1,1,"[11, 13, 12, 8, 7, 4]",6
8호선,수진역,19,0,0,"[4, 6, 8, 11, 9, 6]",1
8호선,수진역,19,0,1,"[2, 6, 10, 9, 5, 6]",1
8호선,수진역,19,1,0,"[8, 8, 10, 8, 7, 5]",6
8호선,수진역,19,1,1,"[7, 10, 11, 8, 6, 4]",6
8호선,수진역,20,0,0,"[4, 6, 7, 10, 7, 6]",1
8호선,수진역,20,0,1,"[4, 7, 8, 7, 6, 4]",1
8호선,수진역,20,1,0,"[5, 5, 7, 6, 5, 3]",6
8호선,수진역,20,1,1,"[7, 7, 11, 9, 6, 5]",6
8호선,수진역,21,0,0,"[3, 6, 9, 7, 6, 4]",1
8호선,수진역,21,0,1,"[3, 5, 7, 8, 6, 5]",1
8호선,수진역,21,1,0,"[4, 6, 7, 7, 6, 2]",6
8호선,수진역,21,1,1,"[6, 10, 12, 9, 8, 4]",6
8호선,수진역,22,0,0,"[3, 5, 6, 9, 6, 7]",1
8호선,수진역,22,0,1,"[3, 5, 7, 7, 6, 4]",1
8호선,수진역,22,1,0,"[6, 7, 7, 5, 5, 3]",6
8호선,수진역,22,1,1,"[9, 9, 9, 7, 8, 5]",6
8호선,수진역,23,0,0,"[1, 3, 2, 4, 3, 3]",1
8호선,수진역,23,0,1,"[2, 3, 4, 4, 3, 2]",1
8호선,수진역,23,1,0,"[3, 6, 5, 5, 3, 2]",6
8호선,수진역,23,1,1,"[6, 5, 6, 5, 4, 4]",5
8호선,수진역,0,0,0,"[1, 2, 2, 3, 2, 1]",1
8호선,수진역,0,0,1,"[1, 2, 2, 3, 2, 2]",1
8호선,수진역,0,1,0,"[18, 12, 10, 4, 5, 4]",4
8호선,수진역,0,1,1,"[7, 8, 6, 4, 2, 3]",5
8호선,신흥역,5,0,0,"[2, 3, 2, 3, 3, 3]",1
8호선,신흥역,5,0,1,"[2, 4, 3, 3, 4, 3]",1
8호선,신흥역,5,1,0,"[14, 10, 10, 6, 5, 5]",5
8호선,신흥역,5,1,1,"[5, 6, 5, 3, 3, 3]",4
8호선,신흥역,6,0,0,"[2, 3, 2, 3, 3, 3]",1
8호선,신흥역,6,0,1,"[2, 4, 3, 3, 4, 3]",1
8호선,신흥역,6,1,0,"[14, 10, 10, 6, 5, 5]",5
8호선,신흥역,6,1,1,"[5, 6, 5, 3, 3, 3]",4
8호선,신흥역,7,0,0,"[8, 10, 12, 15, 10, 9]",1
8호선,신흥역,7,0,1,"[2, 5, 4, 6, 3, 4]",1
8호선,신흥역,7,1,0,"[21, 17, 14, 11, 10, 7]",6
8호선,신흥역,7,1,1,"[6, 7, 5, 4, 5, 4]",4
8호선,신흥역,8,0,0,"[13, 16, 18, 17, 15, 17]",1
8호선,신흥역,8,0,1,"[5, 8, 7, 8, 7, 8]",1
8호선,신흥역,8,1,0,"[19, 15, 16, 11, 9, 9]",5
8호선,신흥역,8,1,1,"[11, 11, 10, 8, 6, 5]",6
8호선,신흥역,9,0,0,"[6, 10, 11, 12, 8, 11]",1
8호선,신흥역,9,0,1,"[6, 6, 10, 10, 9, 9]",1
8호선,신흥역,9,1,0,"[10, 9, 10, 8, 6, 4]",6
8호선,신흥역,9,1,1,"[13, 10, 12, 9, 7, 4]",6
8호선,신흥역,10,0,0,"[3, 8, 8, 9, 8, 7]",1
8호선,신흥역,10,0,1,"[6, 9, 11, 10, 11, 8]",1
8호선,신흥역,10,1,0,"[5, 7, 7, 5, 4, 3]",6
8호선,신흥역,10,1,1,"[10, 13, 13, 9, 8, 5]",6
8호선,신흥역,11,0,0,"[4, 7, 10, 9, 8, 7]",1
8호선,신흥역,11,0,1,"[6, 9, 12, 13, 9, 10]",1
8호선,신흥역,11,1,0,"[7, 9, 10, 8, 6, 4]",6
8호선,신흥역,11,1,1,"[11, 12, 14, 10, 8, 6]",6
8호선,신흥역,12,0,0,"[4, 8, 10, 10, 10, 6]",1
8호선,신흥역,12,0,1,"[6, 12, 16, 12, 11, 10]",1
8호선,신흥역,12,1,0,"[8, 11, 11, 8, 5, 4]",6
8호선,신흥역,12,1,1,"[11, 14, 16, 10, 9, 6]",6
8호선,신흥역,13,0,0,"[4, 8, 10, 12, 8, 6]",1
8호선,신흥역,13,0,1,"[6, 12, 14, 17, 13, 8]",1
8호선,신흥역,13,1,0,"[9, 10, 11, 8, 6, 4]",6
8호선,신흥역,13,1,1,"[11, 14, 15, 11, 6, 5]",6
8호선,신흥역,14,0,0,"[5, 8, 10, 11, 8, 5]",1
8호선,신흥역,14,0,1,"[6, 11, 13, 14, 12, 7]",1
8호선,신흥역,14,1,0,"[8, 10, 11, 9, 6, 4]",6
8호선,신흥역,14,1,1,"[10, 13, 13, 10, 9, 6]",6
8호선,신흥역,15,0,0,"[6, 11, 13, 14, 12, 8]",1
8호선,신흥역,15,0,1,"[7, 11, 13, 14, 10, 8]",1
8호선,신흥역,15,1,0,"[10, 11, 13, 9, 8, 5]",6
8호선,신흥역,15,1,1,"[10, 13, 15, 9, 8, 6]",6
8호선,신흥역,16,0,0,"[6, 11, 12, 13, 10, 8]",1
8호선,신흥역,16,0,1,"[8, 10, 14, 16, 15, 9]",1
8호선,신흥역,16,1,0,"[11, 11, 12, 10, 7, 5]",6
8호선,신흥역,16,1,1,"[13, 16, 16, 10, 10, 8]",6
8호선,신흥역,17,0,0,"[7, 11, 11, 13, 11, 7]",1
8호선,신흥역,17,0,1,"[6, 11, 12, 15, 12, 9]",1
8호선,신흥역,17,1,0,"[14, 17, 16, 12, 9, 6]",6
8호선,신흥역,17,1,1,"[11, 14, 16, 12, 10, 7]",6
8호선,신흥역,18,0,0,"[13, 14, 15, 16, 15, 12]",6
8호선,신흥역,18,0,1,"[5, 10, 11, 12, 8, 7]",1
8호선,신흥역,18,1,0,"[16, 18, 21, 15, 12, 10]",6
8호선,신흥역,18,1,1,"[10, 14, 13, 9, 8, 6]",6
8호선,신흥역,19,0,0,"[5, 8, 9, 11, 9, 7]",1
8호선,신흥역,19,0,1,"[2, 8, 11, 9, 7, 7]",1
8호선,신흥역,19,1,0,"[8, 9, 11, 9, 7, 6]",6
8호선,신흥역,19,1,1,"[7, 11, 12, 8, 8, 6]",6
8호선,신흥역,20,0,0,"[6, 9, 9, 10, 7, 5]",6
8호선,신흥역,20,0,1,"[5, 9, 8, 6, 6, 4]",6
8호선,신흥역,20,1,0,"[5, 6, 7, 6, 5, 3]",6
8호선,신흥역,20,1,1,"[8, 7, 11, 10, 6, 6]",5
8호선,신흥역,21,0,0,"[6, 9, 10, 6, 5, 4]",6
8호선,신흥역,21,0,1,"[4, 8, 8, 6, 6, 5]",1
8호선,신흥역,21,1,0,"[5, 8, 8, 8, 6, 3]",6
8호선,신흥역,21,1,1,"[6, 10, 13, 9, 9, 4]",6
8호선,신흥역,22,0,0,"[4, 6, 8, 8, 7, 7]",1
8호선,신흥역,22,0,1,"[4, 6, 6, 8, 7, 6]",1
8호선,신흥역,22,1,0,"[8, 9, 8, 7, 6, 4]",6
8호선,신흥역,22,1,1,"[9, 10, 10, 8, 7, 5]",6
8호선,신흥역,23,0,0,"[1, 3, 3, 3, 3, 3]",1
8호선,신흥역,23,0,1,"[2, 4, 5, 5, 4, 3]",1
8호선,신흥역,23,1,0,"[4, 6, 4, 5, 4, 3]",6
8호선,신흥역,23,1,1,"[6, 8, 7, 6, 4, 3]",6
8호선,신흥역,0,0,0,"[2, 3, 2, 3, 3, 3]",1
8호선,신흥역,0,0,1,"[2, 4, 3, 3, 4, 3]",1
8호선,신흥역,0,1,0,"[14, 10, 10, 6, 5, 5]",5
8호선,신흥역,0,1,1,"[5, 6, 5, 3, 3, 3]",4
8호선,잠실역,5,0,0,"[19, 29, 24, 21, 24, 25]",1
8호선,잠실역,5,0,1,"[17, 25, 22, 20, 17, 18]",1
8호선,잠실역,5,1,0,"[98, 105, 82, 77, 81, 53]",6
8호선,잠실역,5,1,1,"[47, 37, 34, 31, 38, 19]",6
8호선,잠실역,6,0,0,"[19, 29, 24, 21, 24, 25]",1
8호선,잠실역,6,0,1,"[17, 25, 22, 20, 17, 18]",1
8호선,잠실역,6,1,0,"[98, 105, 82, 77, 81, 53]",6
8호선,잠실역,6,1,1,"[47, 37, 34, 31, 38, 19]",6
8호선,잠실역,7,0,0,"[59, 73, 66, 62, 68, 69]",1
8호선,잠실역,7,0,1,"[20, 33, 26, 25, 24, 22]",1
8호선,잠실역,7,1,0,"[132, 149, 158, 148, 149, 113]",6
8호선,잠실역,7,1,1,"[49, 42, 40, 40, 35, 26]",6
8호선,잠실역,8,0,0,"[102, 131, 117, 109, 97, 91]",6
8호선,잠실역,8,0,1,"[43, 48, 49, 46, 38, 41]",5
8호선,잠실역,8,1,0,"[146, 153, 178, 166, 157, 126]",6
8호선,잠실역,8,1,1,"[74, 73, 70, 66, 58, 44]",6
8호선,잠실역,9,0,0,"[62, 74, 69, 67, 59, 61]",5
8호선,잠실역,9,0,1,"[59, 59, 61, 65, 54, 47]",6
8호선,잠실역,9,1,0,"[101, 105, 103, 106, 103, 63]",6
8호선,잠실역,9,1,1,"[99, 91, 90, 81, 72, 50]",6
8호선,잠실역,10,0,0,"[45, 59, 58, 55, 49, 47]",1
8호선,잠실역,10,0,1,"[59, 70, 72, 71, 62, 58]",6
8호선,잠실역,10,1,0,"[56, 55, 55, 53, 47, 31]",6
8호선,잠실역,10,1,1,"[80, 87, 84, 81, 68, 51]",6
8호선,잠실역,11,0,0,"[40, 50, 55, 52, 44, 40]",1
8호선,잠실역,11,0,1,"[63, 82, 87, 80, 70, 63]",1
8호선,잠실역,11,1,0,"[52, 54, 53, 53, 47, 30]",6
8호선,잠실역,11,1,1,"[77, 82, 92, 90, 75, 49]",6
8호선,잠실역,12,0,0,"[40, 51, 52, 49, 43, 41]",1
8호선,잠실역,12,0,1,"[65, 86, 83, 82, 66, 61]",6
8호선,잠실역,12,1,0,"[50, 54, 56, 51, 46, 28]",6
8호선,잠실역,12,1,1,"[78, 86, 94, 88, 73, 54]",6
8호선,잠실역,13,0,0,"[40, 55, 56, 54, 44, 42]",1
8호선,잠실역,13,0,1,"[68, 86, 95, 89, 70, 61]",6
8호선,잠실역,13,1,0,"[47, 52, 51, 52, 47, 34]",6
8호선,잠실역,13,1,1,"[74, 76, 93, 84, 79, 52]",6
8호선,잠실역,14,0,0,"[44, 56, 54, 50, 42, 34]",6
8호선,잠실역,14,0,1,"[61, 84, 85, 82, 74, 54]",6
8호선,잠실역,14,1,0,"[37, 43, 45, 44, 39, 25]",6
8호선,잠실역,14,1,1,"[68, 76, 75, 82, 81, 48]",6
8호선,잠실역,15,0,0,"[51, 67, 67, 62, 47, 42]",6
8호선,잠실역,15,0,1,"[62, 90, 90, 82, 76, 53]",6
8호선,잠실역,15,1,0,"[39, 42, 49, 47, 40, 30]",6
8호선,잠실역,15,1,1,"[60, 70, 87, 82, 76, 50]",6
8호선,잠실역,16,0,0,"[54, 72, 74, 67, 57, 50]",6
8호선,잠실역,16,0,1,"[59, 91, 100, 88, 79, 61]",1
8호선,잠실역,16,1,0,"[46, 49, 50, 55, 47, 32]",6
8호선,잠실역,16,1,1,"[65, 75, 84, 87, 78, 55]",6
8호선,잠실역,17,0,0,"[88, 111, 104, 95, 83, 69]",6
8호선,잠실역,17,0,1,"[70, 92, 81, 88, 72, 58]",6
8호선,잠실역,17,1,0,"[57, 57, 64, 65, 55, 39]",6
8호선,잠실역,17,1,1,"[58, 74, 82, 81, 74, 53]",6
8호선,잠실역,18,0,0,"[133, 147, 131, 117, 96, 81]",6
8호선,잠실역,18,0,1,"[53, 70, 74, 75, 59, 46]",6
8호선,잠실역,18,1,0,"[48, 53, 59, 61, 55, 40]",6
8호선,잠실역,18,1,1,"[46, 55, 54, 53, 56, 41]",6
8호선,잠실역,19,0,0,"[82, 100, 93, 89, 65, 58]",6
8호선,잠실역,19,0,1,"[40, 55, 58, 48, 40, 30]",6
8호선,잠실역,19,1,0,"[22, 25, 31, 31, 29, 22]",1
8호선,잠실역,19,1,1,"[27, 36, 44, 45, 38, 32]",1
8호선,잠실역,20,0,0,"[56, 70, 67, 60, 48, 40]",6
8호선,잠실역,20,0,1,"[33, 46, 52, 43, 37, 26]",6
8호선,잠실역,20,1,0,"[19, 20, 24, 24, 24, 17]",6
8호선,잠실역,20,1,1,"[25, 33, 37, 34, 32, 26]",1
8호선,잠실역,21,0,0,"[56, 73, 72, 55, 50, 34]",6
8호선,잠실역,21,0,1,"[33, 51, 46, 40, 33, 25]",6
8호선,잠실역,21,1,0,"[17, 22, 26, 25, 23, 16]",6
8호선,잠실역,21,1,1,"[20, 25, 31, 30, 30, 22]",1
8호선,잠실역,22,0,0,"[46, 62, 64, 56, 45, 37]",6
8호선,잠실역,22,0,1,"[35, 44, 50, 42, 37, 22]",6
8호선,잠실역,22,1,0,"[21, 26, 22, 26, 23, 16]",6
8호선,잠실역,22,1,1,"[21, 19, 28, 29, 30, 24]",2
8호선,잠실역,23,0,0,"[30, 42, 37, 40, 26, 22]",6
8호선,잠실역,23,0,1,"[17, 34, 27, 21, 17, 15]",6
8호선,잠실역,23,1,0,"[12, 14, 17, 18, 17, 12]",1
8호선,잠실역,23,1,1,"[10, 9, 17, 14, 13, 11]",2
8호선,잠실역,0,0,0,"[19, 29, 24, 21, 24, 25]",1
8호선,잠실역,0,0,1,"[17, 25, 22, 20, 17, 18]",1
8호선,잠실역,0,1,0,"[98, 105, 82, 77, 81, 53]",6
8호선,잠실역,0,1,1,"[47, 37, 34, 31, 38, 19]",6
8호선,장지역,5,0,0,"[13, 20, 18, 21, 24, 24]",1
8호선,장지역,5,0,1,"[9, 14, 12, 12, 13, 13]",1
8호선,장지역,5,1,0,"[21, 34, 42, 34, 36, 26]",1
8호선,장지역,5,1,1,"[12, 18, 20, 18, 19, 11]",6
8호선,장지역,6,0,0,"[13, 20, 18, 21, 24, 24]",1
8호선,장지역,6,0,1,"[9, 14, 12, 12, 13, 13]",1
8호선,장지역,6,1,0,"[21, 34, 42, 34, 36, 26]",1
8호선,장지역,6,1,1,"[12, 18, 20, 18, 19, 11]",6
8호선,장지역,7,0,0,"[48, 66, 63, 66, 59, 70]",1
8호선,장지역,7,0,1,"[12, 22, 20, 18, 23, 19]",1
8호선,장지역,7,1,0,"[40, 51, 55, 60, 52, 46]",1
8호선,장지역,7,1,1,"[13, 20, 23, 22, 16, 15]",1
8호선,장지역,8,0,0,"[75, 105, 107, 100, 95, 88]",1
8호선,장지역,8,0,1,"[28, 34, 36, 37, 35, 34]",1
8호선,장지역,8,1,0,"[33, 40, 55, 56, 42, 38]",1
8호선,장지역,8,1,1,"[22, 28, 37, 32, 27, 17]",6
8호선,장지역,9,0,0,"[43, 53, 58, 50, 46, 50]",1
8호선,장지역,9,0,1,"[35, 40, 48, 46, 42, 36]",1
8호선,장지역,9,1,0,"[28, 35, 46, 41, 33, 27]",6
8호선,장지역,9,1,1,"[27, 38, 44, 37, 27, 24]",6
8호선,장지역,10,0,0,"[24, 37, 39, 36, 33, 31]",1
8호선,장지역,10,0,1,"[33, 45, 55, 49, 44, 42]",1
8호선,장지역,10,1,0,"[17, 26, 32, 27, 20, 15]",6
8호선,장지역,10,1,1,"[23, 40, 46, 37, 27, 21]",6
8호선,장지역,11,0,0,"[20, 27, 32, 32, 24, 20]",1
8호선,장지역,11,0,1,"[33, 47, 61, 58, 44, 40]",1
8호선,장지역,11,1,0,"[20, 28, 34, 29, 21, 15]",6
8호선,장지역,11,1,1,"[28, 39, 53, 41, 28, 21]",6
8호선,장지역,12,0,0,"[18, 27, 32, 27, 25, 23]",1
8호선,장지역,12,0,1,"[35, 52, 63, 51, 45, 41]",1
8호선,장지역,12,1,0,"[23, 37, 44, 33, 23, 17]",6
8호선,장지역,12,1,1,"[25, 43, 55, 39, 32, 23]",6
8호선,장지역,13,0,0,"[17, 27, 32, 29, 22, 20]",1
8호선,장지역,13,0,1,"[36, 47, 56, 56, 43, 39]",1
8호선,장지역,13,1,0,"[23, 33, 38, 34, 24, 19]",6
8호선,장지역,13,1,1,"[32, 46, 58, 44, 32, 24]",6
8호선,장지역,14,0,0,"[19, 28, 32, 27, 19, 15]",6
8호선,장지역,14,0,1,"[31, 47, 53, 50, 40, 30]",6
8호선,장지역,14,1,0,"[25, 33, 42, 33, 24, 17]",6
8호선,장지역,14,1,1,"[35, 46, 58, 43, 37, 26]",6
8호선,장지역,15,0,0,"[21, 30, 36, 31, 22, 19]",6
8호선,장지역,15,0,1,"[29, 45, 56, 47, 38, 28]",6
8호선,장지역,15,1,0,"[33, 41, 52, 42, 32, 26]",6
8호선,장지역,15,1,1,"[36, 52, 66, 50, 41, 30]",6
8호선,장지역,16,0,0,"[26, 37, 41, 36, 28, 24]",6
8호선,장지역,16,0,1,"[34, 51, 62, 50, 46, 33]",6
8호선,장지역,16,1,0,"[42, 54, 60, 50, 40, 30]",6
8호선,장지역,16,1,1,"[40, 56, 68, 54, 47, 37]",6
8호선,장지역,17,0,0,"[35, 44, 43, 38, 32, 29]",6
8호선,장지역,17,0,1,"[35, 44, 47, 46, 34, 28]",6
8호선,장지역,17,1,0,"[68, 80, 96, 86, 64, 51]",6
8호선,장지역,17,1,1,"[45, 61, 74, 59, 49, 34]",6
8호선,장지역,18,0,0,"[49, 53, 54, 49, 38, 35]",6
8호선,장지역,18,0,1,"[21, 32, 37, 33, 23, 19]",6
8호선,장지역,18,1,0,"[77, 93, 129, 109, 88, 66]",6
8호선,장지역,18,1,1,"[46, 62, 70, 50, 47, 37]",6
8호선,장지역,19,0,0,"[30, 38, 39, 33, 24, 22]",6
8호선,장지역,19,0,1,"[15, 23, 28, 23, 15, 13]",6
8호선,장지역,19,1,0,"[45, 57, 69, 62, 47, 39]",6
8호선,장지역,19,1,1,"[36, 46, 55, 47, 37, 32]",6
8호선,장지역,20,0,0,"[22, 28, 35, 25, 21, 16]",6
8호선,장지역,20,0,1,"[12, 21, 27, 17, 14, 11]",6
8호선,장지역,20,1,0,"[32, 39, 47, 43, 35, 26]",6
8호선,장지역,20,1,1,"[35, 46, 60, 48, 36, 32]",6
8호선,장지역,21,0,0,"[19, 28, 31, 20, 17, 18]",5
8호선,장지역,21,0,1,"[11, 21, 20, 15, 15, 11]",1
8호선,장지역,21,1,0,"[32, 44, 51, 44, 34, 25]",6
8호선,장지역,21,1,1,"[36, 58, 62, 46, 42, 33]",6
8호선,장지역,22,0,0,"[15, 26, 23, 23, 18, 16]",1
8호선,장지역,22,0,1,"[10, 17, 20, 19, 12, 9]",6
8호선,장지역,22,1,0,"[37, 50, 51, 49, 39, 25]",6
8호선,장지역,22,1,1,"[39, 54, 63, 55, 43, 30]",6
8호선,장지역,23,0,0,"[7, 11, 12, 12, 7, 5]",6
8호선,장지역,23,0,1,"[9, 10, 14, 12, 10, 7]",6
8호선,장지역,23,1,0,"[20, 26, 28, 28, 21, 18]",6
8호선,장지역,23,1,1,"[23, 32, 37, 33, 23, 21]",6
8호선,장지역,0,0,0,"[13, 20, 18, 21, 24, 24]",1
8호선,장지역,0,0,1,"[9, 14, 12, 12, 13, 13]",1
8호선,장지역,0,1,0,"[21, 34, 42, 34, 36, 26]",1
8호선,장지역,0,1,1,"[12, 18, 20, 18, 19, 11]",6
8호선,천호역,5,0,0,"[15, 19, 12, 9, 7, 5]",6
8호선,천호역,5,0,1,"[14, 20, 15, 10, 8, 6]",6
8호선,천호역,5,1,0,"[64, 72, 59, 64, 68, 52]",6
8호선,천호역,5,1,1,"[25, 22, 21, 19, 21, 14]",6
8호선,천호역,6,0,0,"[15, 19, 12, 9, 7, 5]",6
8호선,천호역,6,0,1,"[14, 20, 15, 10, 8, 6]",6
8호선,천호역,6,1,0,"[64, 72, 59, 64, 68, 52]",6
8호선,천호역,6,1,1,"[25, 22, 21, 19, 21, 14]",6
8호선,천호역,7,0,0,"[34, 40, 27, 20, 14, 10]",6
8호선,천호역,7,0,1,"[18, 26, 19, 16, 12, 8]",6
8호선,천호역,7,1,0,"[87, 91, 98, 100, 113, 94]",1
8호선,천호역,7,1,1,"[30, 24, 24, 27, 29, 22]",6
8호선,천호역,8,0,0,"[60, 68, 43, 31, 20, 17]",6
8호선,천호역,8,0,1,"[36, 41, 34, 30, 21, 14]",6
8호선,천호역,8,1,0,"[86, 87, 92, 96, 108, 91]",1
8호선,천호역,8,1,1,"[48, 42, 47, 44, 54, 43]",2
8호선,천호역,9,0,0,"[36, 42, 29, 24, 16, 10]",6
8호선,천호역,9,0,1,"[48, 50, 42, 39, 26, 17]",6
8호선,천호역,9,1,0,"[56, 55, 50, 57, 64, 45]",6
8호선,천호역,9,1,1,"[56, 48, 49, 50, 55, 49]",2
8호선,천호역,10,0,0,"[32, 39, 33, 27, 22, 14]",6
8호선,천호역,10,0,1,"[47, 51, 47, 42, 28, 24]",6
8호선,천호역,10,1,0,"[31, 31, 32, 35, 35, 23]",6
8호선,천호역,10,1,1,"[45, 53, 51, 55, 57, 45]",1
8호선,천호역,11,0,0,"[32, 37, 37, 29, 21, 15]",6
8호선,천호역,11,0,1,"[49, 64, 52, 48, 34, 23]",6
8호선,천호역,11,1,0,"[27, 28, 32, 35, 33, 23]",6
8호선,천호역,11,1,1,"[45, 48, 53, 63, 59, 37]",6
8호선,천호역,12,0,0,"[37, 47, 40, 34, 26, 20]",6
8호선,천호역,12,0,1,"[54, 68, 58, 52, 42, 30]",6
8호선,천호역,12,1,0,"[28, 28, 29, 30, 32, 21]",6
8호선,천호역,12,1,1,"[45, 50, 50, 54, 56, 43]",6
8호선,천호역,13,0,0,"[40, 54, 46, 42, 29, 25]",6
8호선,천호역,13,0,1,"[56, 73, 70, 59, 43, 30]",6
8호선,천호역,13,1,0,"[23, 24, 26, 30, 33, 20]",6
8호선,천호역,13,1,1,"[43, 41, 52, 52, 52, 41]",2
8호선,천호역,14,0,0,"[44, 56, 51, 42, 34, 25]",6
8호선,천호역,14,0,1,"[56, 77, 71, 61, 52, 32]",6
8호선,천호역,14,1,0,"[17, 20, 22, 26, 23, 19]",1
8호선,천호역,14,1,1,"[37, 42, 43, 51, 54, 36]",6
8호선,천호역,15,0,0,"[54, 76, 70, 59, 44, 34]",6
8호선,천호역,15,0,1,"[65, 76, 77, 69, 57, 39]",6
8호선,천호역,15,1,0,"[17, 19, 21, 26, 23, 16]",6
8호선,천호역,15,1,1,"[35, 38, 45, 55, 42, 31]",6
8호선,천호역,16,0,0,"[66, 90, 82, 71, 56, 45]",6
8호선,천호역,16,0,1,"[62, 92, 92, 83, 72, 47]",6
8호선,천호역,16,1,0,"[22, 22, 24, 26, 26, 18]",6
8호선,천호역,16,1,1,"[39, 42, 46, 52, 47, 32]",6
8호선,천호역,17,0,0,"[105, 130, 123, 101, 78, 64]",6
8호선,천호역,17,0,1,"[78, 107, 85, 87, 69, 55]",6
8호선,천호역,17,1,0,"[23, 22, 25, 30, 28, 20]",6
8호선,천호역,17,1,1,"[30, 37, 44, 41, 44, 31]",1
8호선,천호역,18,0,0,"[161, 177, 154, 139, 110, 92]",6
8호선,천호역,18,0,1,"[64, 81, 86, 79, 68, 50]",6
8호선,천호역,18,1,0,"[18, 19, 22, 25, 25, 19]",1
8호선,천호역,18,1,1,"[23, 24, 27, 28, 26, 22]",6
8호선,천호역,19,0,0,"[112, 136, 119, 114, 80, 75]",6
8호선,천호역,19,0,1,"[54, 73, 72, 61, 49, 40]",6
8호선,천호역,19,1,0,"[9, 9, 10, 13, 13, 9]",1
8호선,천호역,19,1,1,"[15, 17, 21, 24, 20, 15]",1
8호선,천호역,20,0,0,"[81, 107, 94, 80, 60, 47]",6
8호선,천호역,20,0,1,"[52, 67, 78, 70, 53, 42]",6
8호선,천호역,20,1,0,"[9, 9, 9, 11, 11, 7]",6
8호선,천호역,20,1,1,"[14, 15, 18, 16, 16, 12]",6
8호선,천호역,21,0,0,"[89, 113, 103, 76, 67, 49]",6
8호선,천호역,21,0,1,"[59, 82, 75, 64, 52, 39]",6
8호선,천호역,21,1,0,"[7, 10, 9, 11, 11, 8]",1
8호선,천호역,21,1,1,"[10, 11, 15, 15, 16, 10]",1
8호선,천호역,22,0,0,"[80, 93, 104, 85, 74, 53]",6
8호선,천호역,22,0,1,"[69, 76, 96, 77, 54, 41]",6
8호선,천호역,22,1,0,"[9, 8, 10, 9, 8, 6]",6
8호선,천호역,22,1,1,"[12, 8, 13, 11, 11, 8]",2
8호선,천호역,23,0,0,"[46, 55, 46, 41, 33, 29]",6
8호선,천호역,23,0,1,"[44, 67, 55, 56, 44, 32]",6
8호선,천호역,23,1,0,"[6, 6, 7, 6, 7, 5]",6
8호선,천호역,23,1,1,"[6, 7, 8, 7, 6, 5]",6
8호선,천호역,0,0,0,"[15, 19, 12, 9, 7, 5]",6
8호선,천호역,0,0,1,"[14, 20, 15, 10, 8, 6]",6
8호선,천호역,0,1,0,"[64, 72, 59, 64, 68, 52]",6
8호선,천호역,0,1,1,"[25, 22, 21, 19, 21, 14]",6
