호선,역명,역코드,요일,시간,분,상하행,직통여부,구간시작역코드,구간시작역,구간종료역코드,구간종료역,직전역코드,직전역,congestionCar,요일(한글)
5호선,올림픽공원역,P550,MON,06,00,1,0,510,방화역,P555,마천역,P549,둔촌동역,"[6, 7, 10, 10, 9, 10, 7, 4]",월요일
5호선,올림픽공원역,P550,MON,06,10,1,0,510,방화역,P555,마천역,P549,둔촌동역,"[9, 9, 11, 11, 9, 8, 5, 2]",월요일
5호선,올림픽공원역,P550,MON,06,20,1,0,510,방화역,P555,마천역,P549,둔촌동역,"[6, 7, 10, 11, 7, 7, 6, 1]",월요일
5호선,올림픽공원역,P550,MON,06,30,1,0,510,방화역,P555,마천역,P549,둔촌동역,"[3, 22, 13, 13, 6, 10, 6, 6]",월요일
5호선,올림픽공원역,P550,MON,06,40,1,0,510,방화역,P555,마천역,P549,둔촌동역,"[23, 28, 32, 34, 23, 13, 8, 7]",월요일
5호선,올림픽공원역,P550,MON,06,50,1,0,510,방화역,P555,마천역,P549,둔촌동역,"[14, 18, 28, 27, 26, 25, 17, 13]",월요일
5호선,올림픽공원역,P550,MON,06,00,1,0,548,강동역,P555,마천역,P549,둔촌동역,"[3, 4, 5, 5, 5, 5, 4, 2]",월요일
5호선,올림픽공원역,P550,MON,06,10,1,0,548,강동역,P555,마천역,P549,둔촌동역,"[5, 4, 5, 5, 5, 4, 3, 1]",월요일
5호선,올림픽공원역,P550,MON,06,20,1,0,548,강동역,P555,마천역,P549,둔촌동역,"[3, 3, 4, 5, 3, 3, 3, 1]",월요일
5호선,올림픽공원역,P550,MON,06,30,1,0,548,강동역,P555,마천역,P549,둔촌동역,"[1, 7, 4, 4, 2, 3, 2, 2]",월요일
5호선,올림픽공원역,P550,MON,06,40,1,0,548,강동역,P555,마천역,P549,둔촌동역,"[9, 11, 12, 13, 9, 5, 3, 3]",월요일
5호선,올림픽공원역,P550,MON,06,50,1,0,548,강동역,P555,마천역,P549,둔촌동역,"[4, 5, 8, 8, 7, 7, 5, 4]",월요일
5호선,올림픽공원역,P550,MON,06,00,0,0,P555,마천역,540,왕십리역,P551,방이역,"[12, 10, 18, 19, 15, 13, 9, 8]",월요일
5호선,올림픽공원역,P550,MON,06,10,0,0,P555,마천역,540,왕십리역,P551,방이역,"[14, 19, 16, 17, 18, 15, 12, 18]",월요일
5호선,올림픽공원역,P550,MON,06,20,0,0,P555,마천역,540,왕십리역,P551,방이역,"[18, 17, 11, 16, 21, 18, 26, 23]",월요일
5호선,올림픽공원역,P550,MON,06,30,0,0,P555,마천역,540,왕십리역,P551,방이역,"[17, 26, 22, 27, 31, 35, 30, 28]",월요일
5호선,올림픽공원역,P550,MON,06,40,0,0,P555,마천역,540,왕십리역,P551,방이역,"[27, 36, 42, 41, 28, 30, 32, 18]",월요일
5호선,올림픽공원역,P550,MON,06,50,0,0,P555,마천역,540,왕십리역,P551,방이역,"[25, 27, 33, 47, 39, 44, 33, 32]",월요일
5호선,올림픽공원역,P550,MON,06,00,0,0,P555,마천역,526,여의도역,P551,방이역,"[12, 10, 18, 19, 15, 13, 9, 8]",월요일
5호선,올림픽공원역,P550,MON,06,10,0,0,P555,마천역,526,여의도역,P551,방이역,"[14, 19, 16, 17, 18, 15, 12, 18]",월요일
5호선,올림픽공원역,P550,MON,06,20,0,0,P555,마천역,526,여의도역,P551,방이역,"[18, 17, 11, 16, 21, 18, 26, 23]",월요일
5호선,올림픽공원역,P550,MON,06,30,0,0,P555,마천역,526,여의도역,P551,방이역,"[17, 26, 22, 27, 31, 35, 30, 28]",월요일
5호선,올림픽공원역,P550,MON,06,40,0,0,P555,마천역,526,여의도역,P551,방이역,"[27, 36, 42, 41, 28, 30, 32, 18]",월요일
5호선,올림픽공원역,P550,MON,06,50,0,0,P555,마천역,526,여의도역,P551,방이역,"[25, 27, 33, 47, 39, 44, 33, 32]",월요일
5호선,올림픽공원역,P550,MON,06,00,1,0,530,애오개역,P555,마천역,P549,둔촌동역,"[10, 14, 19, 19, 18, 18, 13, 8]",월요일
5호선,올림픽공원역,P550,MON,06,10,1,0,530,애오개역,P555,마천역,P549,둔촌동역,"[17, 16, 21, 20, 17, 16, 9, 4]",월요일
5호선,올림픽공원역,P550,MON,06,20,1,0,530,애오개역,P555,마천역,P549,둔촌동역,"[14, 14, 22, 25, 14, 14, 13, 3]",월요일
5호선,올림픽공원역,P550,MON,06,30,1,0,530,애오개역,P555,마천역,P549,둔촌동역,"[5, 34, 19, 19, 10, 14, 10, 10]",월요일
5호선,올림픽공원역,P550,MON,06,40,1,0,530,애오개역,P555,마천역,P549,둔촌동역,"[9, 11, 12, 13, 9, 5, 3, 3]",월요일
5호선,올림픽공원역,P550,MON,06,50,1,0,530,애오개역,P555,마천역,P549,둔촌동역,"[11, 14, 21, 21, 20, 19, 13, 10]",월요일
5호선,올림픽공원역,P550,MON,06,00,0,0,P555,마천역,510,방화역,P551,방이역,"[12, 10, 18, 19, 15, 13, 9, 8]",월요일
5호선,올림픽공원역,P550,MON,06,10,0,0,P555,마천역,510,방화역,P551,방이역,"[14, 19, 16, 17, 18, 15, 12, 18]",월요일
5호선,올림픽공원역,P550,MON,06,20,0,0,P555,마천역,510,방화역,P551,방이역,"[18, 17, 11, 16, 21, 18, 26, 23]",월요일
5호선,올림픽공원역,P550,MON,06,30,0,0,P555,마천역,510,방화역,P551,방이역,"[17, 26, 22, 27, 31, 35, 30, 28]",월요일
5호선,올림픽공원역,P550,MON,06,40,0,0,P555,마천역,510,방화역,P551,방이역,"[27, 36, 42, 41, 28, 30, 32, 18]",월요일
5호선,올림픽공원역,P550,MON,06,50,0,0,P555,마천역,510,방화역,P551,방이역,"[25, 27, 33, 47, 39, 44, 33, 32]",월요일
5호선,올림픽공원역,P550,MON,06,00,1,0,517,화곡역,P555,마천역,P549,둔촌동역,"[6, 7, 10, 10, 9, 10, 7, 4]",월요일
5호선,올림픽공원역,P550,MON,06,10,1,0,517,화곡역,P555,마천역,P549,둔촌동역,"[9, 9, 11, 11, 9, 8, 5, 2]",월요일
5호선,올림픽공원역,P550,MON,06,20,1,0,517,화곡역,P555,마천역,P549,둔촌동역,"[9, 10, 15, 16, 10, 9, 9, 2]",월요일
5호선,올림픽공원역,P550,MON,06,30,1,0,517,화곡역,P555,마천역,P549,둔촌동역,"[7, 47, 27, 27, 13, 20, 13, 13]",월요일
5호선,올림픽공원역,P550,MON,06,40,1,0,517,화곡역,P555,마천역,P549,둔촌동역,"[23, 28, 32, 34, 23, 13, 8, 7]",월요일
5호선,올림픽공원역,P550,MON,06,50,1,0,517,화곡역,P555,마천역,P549,둔촌동역,"[14, 18, 28, 27, 26, 25, 17, 13]",월요일
5호선,올림픽공원역,P550,MON,07,00,1,0,510,방화역,P555,마천역,P549,둔촌동역,"[22, 23, 31, 38, 27, 33, 19, 7]",월요일
5호선,올림픽공원역,P550,MON,07,10,1,0,510,방화역,P555,마천역,P549,둔촌동역,"[26, 36, 33, 42, 35, 22, 25, 12]",월요일
5호선,올림픽공원역,P550,MON,07,20,1,0,510,방화역,P555,마천역,P549,둔촌동역,"[31, 42, 37, 33, 48, 31, 22, 11]",월요일
5호선,올림픽공원역,P550,MON,07,30,1,0,510,방화역,P555,마천역,P549,둔촌동역,"[38, 48, 59, 73, 40, 34, 19, 16]",월요일
5호선,올림픽공원역,P550,MON,07,40,1,0,510,방화역,P555,마천역,P549,둔촌동역,"[51, 53, 49, 65, 53, 47, 26, 24]",월요일
5호선,올림픽공원역,P550,MON,07,50,1,0,510,방화역,P555,마천역,P549,둔촌동역,"[69, 80, 68, 87, 74, 64, 45, 33]",월요일
5호선,올림픽공원역,P550,MON,07,00,1,0,548,강동역,P555,마천역,P549,둔촌동역,"[5, 5, 7, 9, 7, 8, 5, 2]",월요일
5호선,올림픽공원역,P550,MON,07,10,1,0,548,강동역,P555,마천역,P549,둔촌동역,"[9, 12, 11, 15, 12, 8, 9, 4]",월요일
5호선,올림픽공원역,P550,MON,07,20,1,0,548,강동역,P555,마천역,P549,둔촌동역,"[11, 15, 13, 11, 17, 11, 7, 4]",월요일
5호선,올림픽공원역,P550,MON,07,30,1,0,548,강동역,P555,마천역,P549,둔촌동역,"[18, 22, 28, 34, 19, 16, 9, 7]",월요일
5호선,올림픽공원역,P550,MON,07,40,1,0,548,강동역,P555,마천역,P549,둔촌동역,"[21, 22, 20, 27, 22, 19, 11, 10]",월요일
5호선,올림픽공원역,P550,MON,07,50,1,0,548,강동역,P555,마천역,P549,둔촌동역,"[25, 30, 25, 32, 27, 24, 17, 12]",월요일
5호선,올림픽공원역,P550,MON,07,00,0,0,P555,마천역,540,왕십리역,P551,방이역,"[42, 36, 52, 44, 47, 44, 23, 32]",월요일
5호선,올림픽공원역,P550,MON,07,10,0,0,P555,마천역,540,왕십리역,P551,방이역,"[43, 29, 39, 34, 48, 44, 36, 47]",월요일
5호선,올림픽공원역,P550,MON,07,20,0,0,P555,마천역,540,왕십리역,P551,방이역,"[35, 31, 44, 39, 54, 37, 31, 48]",월요일
5호선,올림픽공원역,P550,MON,07,30,0,0,P555,마천역,540,왕십리역,P551,방이역,"[44, 48, 57, 55, 64, 52, 45, 50]",월요일
5호선,올림픽공원역,P550,MON,07,40,0,0,P555,마천역,540,왕십리역,P551,방이역,"[42, 40, 53, 54, 63, 83, 45, 36]",월요일
5호선,올림픽공원역,P550,MON,07,50,0,0,P555,마천역,540,왕십리역,P551,방이역,"[40, 52, 63, 59, 72, 60, 46, 39]",월요일
5호선,올림픽공원역,P550,MON,07,00,0,0,P555,마천역,526,여의도역,P551,방이역,"[42, 36, 52, 44, 47, 44, 23, 32]",월요일
5호선,올림픽공원역,P550,MON,07,10,0,0,P555,마천역,526,여의도역,P551,방이역,"[43, 29, 39, 34, 48, 44, 36, 47]",월요일
5호선,올림픽공원역,P550,MON,07,20,0,0,P555,마천역,526,여의도역,P551,방이역,"[35, 31, 44, 39, 54, 37, 31, 48]",월요일
5호선,올림픽공원역,P550,MON,07,30,0,0,P555,마천역,526,여의도역,P551,방이역,"[44, 48, 57, 55, 64, 52, 45, 50]",월요일
5호선,올림픽공원역,P550,MON,07,40,0,0,P555,마천역,526,여의도역,P551,방이역,"[42, 40, 53, 54, 63, 83, 45, 36]",월요일
5호선,올림픽공원역,P550,MON,07,50,0,0,P555,마천역,526,여의도역,P551,방이역,"[40, 52, 63, 59, 72, 60, 46, 39]",월요일
5호선,올림픽공원역,P550,MON,07,00,1,0,530,애오개역,P555,마천역,P549,둔촌동역,"[20, 21, 28, 35, 25, 30, 18, 7]",월요일
5호선,올림픽공원역,P550,MON,07,10,1,0,530,애오개역,P555,마천역,P549,둔촌동역,"[18, 25, 23, 29, 24, 15, 17, 9]",월요일
5호선,올림픽공원역,P550,MON,07,20,1,0,530,애오개역,P555,마천역,P549,둔촌동역,"[22, 29, 26, 23, 33, 21, 15, 8]",월요일
5호선,올림픽공원역,P550,MON,07,30,1,0,530,애오개역,P555,마천역,P549,둔촌동역,"[28, 35, 43, 53, 29, 25, 14, 12]",월요일
5호선,올림픽공원역,P550,MON,07,40,1,0,530,애오개역,P555,마천역,P549,둔촌동역,"[36, 37, 34, 46, 37, 33, 18, 17]",월요일
5호선,올림픽공원역,P550,MON,07,50,1,0,530,애오개역,P555,마천역,P549,둔촌동역,"[42, 49, 42, 54, 45, 39, 28, 20]",월요일
5호선,올림픽공원역,P550,MON,07,00,0,0,P555,마천역,510,방화역,P551,방이역,"[42, 36, 52, 44, 47, 44, 23, 32]",월요일
5호선,올림픽공원역,P550,MON,07,10,0,0,P555,마천역,510,방화역,P551,방이역,"[43, 29, 39, 34, 48, 44, 36, 47]",월요일
5호선,올림픽공원역,P550,MON,07,20,0,0,P555,마천역,510,방화역,P551,방이역,"[35, 31, 44, 39, 54, 37, 31, 48]",월요일
5호선,올림픽공원역,P550,MON,07,30,0,0,P555,마천역,510,방화역,P551,방이역,"[44, 48, 57, 55, 64, 52, 45, 50]",월요일
5호선,올림픽공원역,P550,MON,07,40,0,0,P555,마천역,510,방화역,P551,방이역,"[42, 40, 53, 54, 63, 83, 45, 36]",월요일
5호선,올림픽공원역,P550,MON,07,50,0,0,P555,마천역,510,방화역,P551,방이역,"[40, 52, 63, 59, 72, 60, 46, 39]",월요일
5호선,올림픽공원역,P550,MON,07,00,1,0,517,화곡역,P555,마천역,P549,둔촌동역,"[9, 9, 12, 15, 11, 13, 8, 3]",월요일
5호선,올림픽공원역,P550,MON,07,10,1,0,517,화곡역,P555,마천역,P549,둔촌동역,"[18, 25, 23, 29, 24, 15, 17, 9]",월요일
5호선,올림픽공원역,P550,MON,07,20,1,0,517,화곡역,P555,마천역,P549,둔촌동역,"[22, 29, 26, 23, 33, 21, 15, 8]",월요일
5호선,올림픽공원역,P550,MON,07,30,1,0,517,화곡역,P555,마천역,P549,둔촌동역,"[28, 35, 43, 53, 29, 25, 14, 12]",월요일
5호선,올림픽공원역,P550,MON,07,40,1,0,517,화곡역,P555,마천역,P549,둔촌동역,"[36, 37, 34, 46, 37, 33, 18, 17]",월요일
5호선,올림픽공원역,P550,MON,07,50,1,0,517,화곡역,P555,마천역,P549,둔촌동역,"[42, 49, 42, 54, 45, 39, 28, 20]",월요일
5호선,올림픽공원역,P550,MON,08,00,0,0,P555,마천역,540,왕십리역,P551,방이역,"[46, 57, 66, 51, 69, 63, 45, 51]",월요일
5호선,올림픽공원역,P550,MON,08,10,0,0,P555,마천역,540,왕십리역,P551,방이역,"[36, 54, 60, 51, 64, 50, 45, 41]",월요일
5호선,올림픽공원역,P550,MON,08,20,0,0,P555,마천역,540,왕십리역,P551,방이역,"[39, 45, 56, 61, 57, 53, 51, 38]",월요일
5호선,올림픽공원역,P550,MON,08,30,0,0,P555,마천역,540,왕십리역,P551,방이역,"[40, 36, 38, 38, 41, 40, 50, 29]",월요일
5호선,올림픽공원역,P550,MON,08,40,0,0,P555,마천역,540,왕십리역,P551,방이역,"[28, 31, 31, 35, 42, 34, 38, 34]",월요일
5호선,올림픽공원역,P550,MON,08,50,0,0,P555,마천역,540,왕십리역,P551,방이역,"[34, 44, 37, 31, 48, 48, 46, 31]",월요일
5호선,올림픽공원역,P550,MON,08,00,1,0,517,화곡역,P555,마천역,P549,둔촌동역,"[42, 35, 34, 36, 32, 29, 22, 26]",월요일
5호선,올림픽공원역,P550,MON,08,10,1,0,517,화곡역,P555,마천역,P549,둔촌동역,"[30, 43, 51, 64, 59, 58, 44, 27]",월요일
5호선,올림픽공원역,P550,MON,08,20,1,0,517,화곡역,P555,마천역,P549,둔촌동역,"[43, 85, 93, 90, 88, 83, 51, 42]",월요일
5호선,올림픽공원역,P550,MON,08,30,1,0,517,화곡역,P555,마천역,P549,둔촌동역,"[52, 77, 75, 98, 83, 81, 60, 50]",월요일
5호선,올림픽공원역,P550,MON,08,40,1,0,517,화곡역,P555,마천역,P549,둔촌동역,"[36, 39, 41, 64, 58, 61, 36, 25]",월요일
5호선,올림픽공원역,P550,MON,08,50,1,0,517,화곡역,P555,마천역,P549,둔촌동역,"[19, 23, 23, 25, 26, 32, 17, 11]",월요일
5호선,올림픽공원역,P550,MON,08,00,1,0,530,애오개역,P555,마천역,P549,둔촌동역,"[42, 35, 34, 36, 32, 29, 22, 26]",월요일
5호선,올림픽공원역,P550,MON,08,10,1,0,530,애오개역,P555,마천역,P549,둔촌동역,"[30, 43, 51, 64, 59, 58, 44, 27]",월요일
5호선,올림픽공원역,P550,MON,08,20,1,0,530,애오개역,P555,마천역,P549,둔촌동역,"[43, 85, 93, 90, 88, 83, 51, 42]",월요일
5호선,올림픽공원역,P550,MON,08,30,1,0,530,애오개역,P555,마천역,P549,둔촌동역,"[52, 77, 75, 98, 83, 81, 60, 50]",월요일
5호선,올림픽공원역,P550,MON,08,40,1,0,530,애오개역,P555,마천역,P549,둔촌동역,"[36, 39, 41, 64, 58, 61, 36, 25]",월요일
5호선,올림픽공원역,P550,MON,08,50,1,0,530,애오개역,P555,마천역,P549,둔촌동역,"[19, 23, 23, 25, 26, 32, 17, 11]",월요일
5호선,올림픽공원역,P550,MON,08,00,0,0,P555,마천역,526,여의도역,P551,방이역,"[46, 57, 66, 51, 69, 63, 45, 51]",월요일
5호선,올림픽공원역,P550,MON,08,10,0,0,P555,마천역,526,여의도역,P551,방이역,"[36, 54, 60, 51, 64, 50, 45, 41]",월요일
5호선,올림픽공원역,P550,MON,08,20,0,0,P555,마천역,526,여의도역,P551,방이역,"[39, 45, 56, 61, 57, 53, 51, 38]",월요일
5호선,올림픽공원역,P550,MON,08,30,0,0,P555,마천역,526,여의도역,P551,방이역,"[40, 36, 38, 38, 41, 40, 50, 29]",월요일
5호선,올림픽공원역,P550,MON,08,40,0,0,P555,마천역,526,여의도역,P551,방이역,"[28, 31, 31, 35, 42, 34, 38, 34]",월요일
5호선,올림픽공원역,P550,MON,08,50,0,0,P555,마천역,526,여의도역,P551,방이역,"[34, 44, 37, 31, 48, 48, 46, 31]",월요일
5호선,올림픽공원역,P550,MON,08,00,1,0,510,방화역,P555,마천역,P549,둔촌동역,"[92, 76, 75, 78, 70, 64, 48, 56]",월요일
5호선,올림픽공원역,P550,MON,08,10,1,0,510,방화역,P555,마천역,P549,둔촌동역,"[42, 61, 72, 89, 83, 82, 62, 37]",월요일
5호선,올림픽공원역,P550,MON,08,20,1,0,510,방화역,P555,마천역,P549,둔촌동역,"[43, 85, 93, 90, 88, 83, 51, 42]",월요일
5호선,올림픽공원역,P550,MON,08,30,1,0,510,방화역,P555,마천역,P549,둔촌동역,"[52, 77, 75, 98, 83, 81, 60, 50]",월요일
5호선,올림픽공원역,P550,MON,08,40,1,0,510,방화역,P555,마천역,P549,둔촌동역,"[36, 39, 41, 64, 58, 61, 36, 25]",월요일
5호선,올림픽공원역,P550,MON,08,50,1,0,510,방화역,P555,마천역,P549,둔촌동역,"[19, 23, 23, 25, 26, 32, 17, 11]",월요일
5호선,올림픽공원역,P550,MON,08,00,1,0,548,강동역,P555,마천역,P549,둔촌동역,"[32, 26, 26, 27, 24, 22, 16, 19]",월요일
5호선,올림픽공원역,P550,MON,08,10,1,0,548,강동역,P555,마천역,P549,둔촌동역,"[15, 22, 26, 32, 30, 30, 22, 14]",월요일
5호선,올림픽공원역,P550,MON,08,20,1,0,548,강동역,P555,마천역,P549,둔촌동역,"[7, 13, 14, 14, 14, 13, 8, 6]",월요일
5호선,올림픽공원역,P550,MON,08,30,1,0,548,강동역,P555,마천역,P549,둔촌동역,"[52, 77, 75, 98, 83, 81, 60, 50]",월요일
5호선,올림픽공원역,P550,MON,08,40,1,0,548,강동역,P555,마천역,P549,둔촌동역,"[36, 39, 41, 64, 58, 61, 36, 25]",월요일
5호선,올림픽공원역,P550,MON,08,50,1,0,548,강동역,P555,마천역,P549,둔촌동역,"[19, 23, 23, 25, 26, 32, 17, 11]",월요일
5호선,올림픽공원역,P550,MON,08,00,0,0,P555,마천역,510,방화역,P551,방이역,"[46, 57, 66, 51, 69, 63, 45, 51]",월요일
5호선,올림픽공원역,P550,MON,08,10,0,0,P555,마천역,510,방화역,P551,방이역,"[36, 54, 60, 51, 64, 50, 45, 41]",월요일
5호선,올림픽공원역,P550,MON,08,20,0,0,P555,마천역,510,방화역,P551,방이역,"[39, 45, 56, 61, 57, 53, 51, 38]",월요일
5호선,올림픽공원역,P550,MON,08,30,0,0,P555,마천역,510,방화역,P551,방이역,"[40, 36, 38, 38, 41, 40, 50, 29]",월요일
5호선,올림픽공원역,P550,MON,08,40,0,0,P555,마천역,510,방화역,P551,방이역,"[28, 31, 31, 35, 42, 34, 38, 34]",월요일
5호선,올림픽공원역,P550,MON,08,50,0,0,P555,마천역,510,방화역,P551,방이역,"[34, 44, 37, 31, 48, 48, 46, 31]",월요일
5호선,올림픽공원역,P550,MON,09,00,0,0,P555,마천역,540,왕십리역,P551,방이역,"[30, 36, 48, 40, 38, 52, 35, 33]",월요일
5호선,올림픽공원역,P550,MON,09,10,0,0,P555,마천역,540,왕십리역,P551,방이역,"[27, 31, 31, 33, 41, 34, 31, 36]",월요일
5호선,올림픽공원역,P550,MON,09,20,0,0,P555,마천역,540,왕십리역,P551,방이역,"[40, 32, 34, 32, 32, 34, 30, 30]",월요일
5호선,올림픽공원역,P550,MON,09,30,0,0,P555,마천역,540,왕십리역,P551,방이역,"[22, 22, 23, 25, 24, 28, 22, 28]",월요일
5호선,올림픽공원역,P550,MON,09,40,0,0,P555,마천역,540,왕십리역,P551,방이역,"[22, 21, 27, 22, 28, 29, 24, 27]",월요일
5호선,올림픽공원역,P550,MON,09,50,0,0,P555,마천역,540,왕십리역,P551,방이역,"[20, 19, 21, 26, 23, 23, 22, 22]",월요일
5호선,올림픽공원역,P550,MON,09,00,1,0,517,화곡역,P555,마천역,P549,둔촌동역,"[20, 22, 33, 33, 25, 30, 17, 12]",월요일
5호선,올림픽공원역,P550,MON,09,10,1,0,517,화곡역,P555,마천역,P549,둔촌동역,"[14, 15, 24, 25, 20, 22, 16, 10]",월요일
5호선,올림픽공원역,P550,MON,09,20,1,0,517,화곡역,P555,마천역,P549,둔촌동역,"[15, 14, 15, 17, 15, 19, 9, 7]",월요일
5호선,올림픽공원역,P550,MON,09,30,1,0,517,화곡역,P555,마천역,P549,둔촌동역,"[8, 13, 17, 16, 12, 17, 7, 6]",월요일
5호선,올림픽공원역,P550,MON,09,40,1,0,517,화곡역,P555,마천역,P549,둔촌동역,"[10, 12, 18, 19, 18, 17, 12, 6]",월요일
5호선,올림픽공원역,P550,MON,09,50,1,0,517,화곡역,P555,마천역,P549,둔촌동역,"[9, 10, 15, 15, 18, 15, 10, 4]",월요일
5호선,올림픽공원역,P550,MON,09,00,1,0,530,애오개역,P555,마천역,P549,둔촌동역,"[20, 22, 33, 33, 25, 30, 17, 12]",월요일
5호선,올림픽공원역,P550,MON,09,10,1,0,530,애오개역,P555,마천역,P549,둔촌동역,"[14, 15, 24, 25, 20, 22, 16, 10]",월요일
5호선,올림픽공원역,P550,MON,09,20,1,0,530,애오개역,P555,마천역,P549,둔촌동역,"[15, 14, 15, 17, 15, 19, 9, 7]",월요일
5호선,올림픽공원역,P550,MON,09,30,1,0,530,애오개역,P555,마천역,P549,둔촌동역,"[8, 13, 17, 16, 12, 17, 7, 6]",월요일
5호선,올림픽공원역,P550,MON,09,40,1,0,530,애오개역,P555,마천역,P549,둔촌동역,"[10, 12, 18, 19, 18, 17, 12, 6]",월요일
5호선,올림픽공원역,P550,MON,09,50,1,0,530,애오개역,P555,마천역,P549,둔촌동역,"[9, 10, 15, 15, 18, 15, 10, 4]",월요일
5호선,올림픽공원역,P550,MON,09,00,0,0,P555,마천역,526,여의도역,P551,방이역,"[30, 36, 48, 40, 38, 52, 35, 33]",월요일
5호선,올림픽공원역,P550,MON,09,10,0,0,P555,마천역,526,여의도역,P551,방이역,"[27, 31, 31, 33, 41, 34, 31, 36]",월요일
5호선,올림픽공원역,P550,MON,09,20,0,0,P555,마천역,526,여의도역,P551,방이역,"[40, 32, 34, 32, 32, 34, 30, 30]",월요일
5호선,올림픽공원역,P550,MON,09,30,0,0,P555,마천역,526,여의도역,P551,방이역,"[22, 22, 23, 25, 24, 28, 22, 28]",월요일
5호선,올림픽공원역,P550,MON,09,40,0,0,P555,마천역,526,여의도역,P551,방이역,"[22, 21, 27, 22, 28, 29, 24, 27]",월요일
5호선,올림픽공원역,P550,MON,09,50,0,0,P555,마천역,526,여의도역,P551,방이역,"[20, 19, 21, 26, 23, 23, 22, 22]",월요일
5호선,올림픽공원역,P550,MON,09,00,1,0,510,방화역,P555,마천역,P549,둔촌동역,"[20, 22, 33, 33, 25, 30, 17, 12]",월요일
5호선,올림픽공원역,P550,MON,09,10,1,0,510,방화역,P555,마천역,P549,둔촌동역,"[14, 15, 24, 25, 20, 22, 16, 10]",월요일
5호선,올림픽공원역,P550,MON,09,20,1,0,510,방화역,P555,마천역,P549,둔촌동역,"[15, 14, 15, 17, 15, 19, 9, 7]",월요일
5호선,올림픽공원역,P550,MON,09,30,1,0,510,방화역,P555,마천역,P549,둔촌동역,"[8, 13, 17, 16, 12, 17, 7, 6]",월요일
5호선,올림픽공원역,P550,MON,09,40,1,0,510,방화역,P555,마천역,P549,둔촌동역,"[10, 12, 18, 19, 18, 17, 12, 6]",월요일
5호선,올림픽공원역,P550,MON,09,50,1,0,510,방화역,P555,마천역,P549,둔촌동역,"[9, 10, 15, 15, 18, 15, 10, 4]",월요일
5호선,올림픽공원역,P550,MON,09,00,1,0,548,강동역,P555,마천역,P549,둔촌동역,"[20, 22, 33, 33, 25, 30, 17, 12]",월요일
5호선,올림픽공원역,P550,MON,09,10,1,0,548,강동역,P555,마천역,P549,둔촌동역,"[14, 15, 24, 25, 20, 22, 16, 10]",월요일
5호선,올림픽공원역,P550,MON,09,20,1,0,548,강동역,P555,마천역,P549,둔촌동역,"[15, 14, 15, 17, 15, 19, 9, 7]",월요일
5호선,올림픽공원역,P550,MON,09,30,1,0,548,강동역,P555,마천역,P549,둔촌동역,"[8, 13, 17, 16, 12, 17, 7, 6]",월요일
5호선,올림픽공원역,P550,MON,09,40,1,0,548,강동역,P555,마천역,P549,둔촌동역,"[10, 12, 18, 19, 18, 17, 12, 6]",월요일
5호선,올림픽공원역,P550,MON,09,50,1,0,548,강동역,P555,마천역,P549,둔촌동역,"[9, 10, 15, 15, 18, 15, 10, 4]",월요일
5호선,올림픽공원역,P550,MON,09,00,0,0,P555,마천역,510,방화역,P551,방이역,"[30, 36, 48, 40, 38, 52, 35, 33]",월요일
5호선,올림픽공원역,P550,MON,09,10,0,0,P555,마천역,510,방화역,P551,방이역,"[27, 31, 31, 33, 41, 34, 31, 36]",월요일
5호선,올림픽공원역,P550,MON,09,20,0,0,P555,마천역,510,방화역,P551,방이역,"[40, 32, 34, 32, 32, 34, 30, 30]",월요일
5호선,올림픽공원역,P550,MON,09,30,0,0,P555,마천역,510,방화역,P551,방이역,"[22, 22, 23, 25, 24, 28, 22, 28]",월요일
5호선,올림픽공원역,P550,MON,09,40,0,0,P555,마천역,510,방화역,P551,방이역,"[22, 21, 27, 22, 28, 29, 24, 27]",월요일
5호선,올림픽공원역,P550,MON,09,50,0,0,P555,마천역,510,방화역,P551,방이역,"[20, 19, 21, 26, 23, 23, 22, 22]",월요일
5호선,올림픽공원역,P550,MON,10,00,1,0,530,애오개역,P555,마천역,P549,둔촌동역,"[7, 7, 12, 13, 15, 13, 9, 5]",월요일
5호선,올림픽공원역,P550,MON,10,10,1,0,530,애오개역,P555,마천역,P549,둔촌동역,"[6, 8, 14, 13, 13, 14, 8, 4]",월요일
5호선,올림픽공원역,P550,MON,10,20,1,0,530,애오개역,P555,마천역,P549,둔촌동역,"[7, 9, 13, 15, 14, 10, 10, 3]",월요일
5호선,올림픽공원역,P550,MON,10,30,1,0,530,애오개역,P555,마천역,P549,둔촌동역,"[8, 11, 17, 18, 23, 15, 13, 8]",월요일
5호선,올림픽공원역,P550,MON,10,40,1,0,530,애오개역,P555,마천역,P549,둔촌동역,"[6, 9, 13, 17, 16, 11, 11, 5]",월요일
5호선,올림픽공원역,P550,MON,10,50,1,0,530,애오개역,P555,마천역,P549,둔촌동역,"[8, 9, 11, 13, 14, 13, 8, 4]",월요일
5호선,올림픽공원역,P550,MON,10,00,1,0,510,방화역,P555,마천역,P549,둔촌동역,"[7, 7, 12, 13, 15, 13, 9, 5]",월요일
5호선,올림픽공원역,P550,MON,10,10,1,0,510,방화역,P555,마천역,P549,둔촌동역,"[6, 8, 14, 13, 13, 14, 8, 4]",월요일
5호선,올림픽공원역,P550,MON,10,20,1,0,510,방화역,P555,마천역,P549,둔촌동역,"[7, 9, 13, 15, 14, 10, 10, 3]",월요일
5호선,올림픽공원역,P550,MON,10,30,1,0,510,방화역,P555,마천역,P549,둔촌동역,"[8, 11, 17, 18, 23, 15, 13, 8]",월요일
5호선,올림픽공원역,P550,MON,10,40,1,0,510,방화역,P555,마천역,P549,둔촌동역,"[6, 9, 13, 17, 16, 11, 11, 5]",월요일
5호선,올림픽공원역,P550,MON,10,50,1,0,510,방화역,P555,마천역,P549,둔촌동역,"[8, 9, 11, 13, 14, 13, 8, 4]",월요일
5호선,올림픽공원역,P550,MON,10,00,0,0,P555,마천역,526,여의도역,P551,방이역,"[17, 20, 21, 25, 26, 24, 24, 26]",월요일
5호선,올림픽공원역,P550,MON,10,10,0,0,P555,마천역,526,여의도역,P551,방이역,"[24, 8, 40, 16, 16, 16, 40, 24]",월요일
5호선,올림픽공원역,P550,MON,10,20,0,0,P555,마천역,526,여의도역,P551,방이역,"[20, 22, 22, 26, 28, 23, 20, 23]",월요일
5호선,올림픽공원역,P550,MON,10,30,0,0,P555,마천역,526,여의도역,P551,방이역,"[15, 21, 20, 27, 27, 26, 27, 20]",월요일
5호선,올림픽공원역,P550,MON,10,40,0,0,P555,마천역,526,여의도역,P551,방이역,"[18, 19, 20, 21, 28, 19, 23, 20]",월요일
5호선,올림픽공원역,P550,MON,10,50,0,0,P555,마천역,526,여의도역,P551,방이역,"[21, 15, 15, 23, 28, 22, 23, 21]",월요일
5호선,올림픽공원역,P550,MON,10,00,0,0,P555,마천역,510,방화역,P551,방이역,"[17, 20, 21, 25, 26, 24, 24, 26]",월요일
5호선,올림픽공원역,P550,MON,10,10,0,0,P555,마천역,510,방화역,P551,방이역,"[24, 8, 40, 16, 16, 16, 40, 24]",월요일
5호선,올림픽공원역,P550,MON,10,20,0,0,P555,마천역,510,방화역,P551,방이역,"[20, 22, 22, 26, 28, 23, 20, 23]",월요일
5호선,올림픽공원역,P550,MON,10,30,0,0,P555,마천역,510,방화역,P551,방이역,"[15, 21, 20, 27, 27, 26, 27, 20]",월요일
5호선,올림픽공원역,P550,MON,10,40,0,0,P555,마천역,510,방화역,P551,방이역,"[18, 19, 20, 21, 28, 19, 23, 20]",월요일
5호선,올림픽공원역,P550,MON,10,50,0,0,P555,마천역,510,방화역,P551,방이역,"[21, 15, 15, 23, 28, 22, 23, 21]",월요일
5호선,올림픽공원역,P550,MON,10,00,1,0,517,화곡역,P555,마천역,P549,둔촌동역,"[7, 7, 12, 13, 15, 13, 9, 5]",월요일
5호선,올림픽공원역,P550,MON,10,10,1,0,517,화곡역,P555,마천역,P549,둔촌동역,"[6, 8, 14, 13, 13, 14, 8, 4]",월요일
5호선,올림픽공원역,P550,MON,10,20,1,0,517,화곡역,P555,마천역,P549,둔촌동역,"[7, 9, 13, 15, 14, 10, 10, 3]",월요일
5호선,올림픽공원역,P550,MON,10,30,1,0,517,화곡역,P555,마천역,P549,둔촌동역,"[8, 11, 17, 18, 23, 15, 13, 8]",월요일
5호선,올림픽공원역,P550,MON,10,40,1,0,517,화곡역,P555,마천역,P549,둔촌동역,"[6, 9, 13, 17, 16, 11, 11, 5]",월요일
5호선,올림픽공원역,P550,MON,10,50,1,0,517,화곡역,P555,마천역,P549,둔촌동역,"[8, 9, 11, 13, 14, 13, 8, 4]",월요일
5호선,올림픽공원역,P550,MON,10,00,0,0,P555,마천역,540,왕십리역,P551,방이역,"[17, 20, 21, 25, 26, 24, 24, 26]",월요일
5호선,올림픽공원역,P550,MON,10,10,0,0,P555,마천역,540,왕십리역,P551,방이역,"[24, 8, 40, 16, 16, 16, 40, 24]",월요일
5호선,올림픽공원역,P550,MON,10,20,0,0,P555,마천역,540,왕십리역,P551,방이역,"[20, 22, 22, 26, 28, 23, 20, 23]",월요일
5호선,올림픽공원역,P550,MON,10,30,0,0,P555,마천역,540,왕십리역,P551,방이역,"[15, 21, 20, 27, 27, 26, 27, 20]",월요일
5호선,올림픽공원역,P550,MON,10,40,0,0,P555,마천역,540,왕십리역,P551,방이역,"[18, 19, 20, 21, 28, 19, 23, 20]",월요일
5호선,올림픽공원역,P550,MON,10,50,0,0,P555,마천역,540,왕십리역,P551,방이역,"[21, 15, 15, 23, 28, 22, 23, 21]",월요일
5호선,올림픽공원역,P550,MON,10,00,1,0,548,강동역,P555,마천역,P549,둔촌동역,"[7, 7, 12, 13, 15, 13, 9, 5]",월요일
5호선,올림픽공원역,P550,MON,10,10,1,0,548,강동역,P555,마천역,P549,둔촌동역,"[6, 8, 14, 13, 13, 14, 8, 4]",월요일
5호선,올림픽공원역,P550,MON,10,20,1,0,548,강동역,P555,마천역,P549,둔촌동역,"[7, 9, 13, 15, 14, 10, 10, 3]",월요일
5호선,올림픽공원역,P550,MON,10,30,1,0,548,강동역,P555,마천역,P549,둔촌동역,"[8, 11, 17, 18, 23, 15, 13, 8]",월요일
5호선,올림픽공원역,P550,MON,10,40,1,0,548,강동역,P555,마천역,P549,둔촌동역,"[6, 9, 13, 17, 16, 11, 11, 5]",월요일
5호선,올림픽공원역,P550,MON,10,50,1,0,548,강동역,P555,마천역,P549,둔촌동역,"[8, 9, 11, 13, 14, 13, 8, 4]",월요일
5호선,올림픽공원역,P550,MON,11,00,1,0,510,방화역,P555,마천역,P549,둔촌동역,"[7, 13, 18, 18, 18, 14, 10, 6]",월요일
5호선,올림픽공원역,P550,MON,11,10,1,0,510,방화역,P555,마천역,P549,둔촌동역,"[13, 8, 11, 10, 10, 11, 6, 4]",월요일
5호선,올림픽공원역,P550,MON,11,20,1,0,510,방화역,P555,마천역,P549,둔촌동역,"[9, 11, 14, 18, 18, 17, 9, 6]",월요일
5호선,올림픽공원역,P550,MON,11,30,1,0,510,방화역,P555,마천역,P549,둔촌동역,"[13, 9, 21, 23, 17, 17, 13, 7]",월요일
5호선,올림픽공원역,P550,MON,11,40,1,0,510,방화역,P555,마천역,P549,둔촌동역,"[8, 15, 22, 22, 18, 16, 16, 11]",월요일
5호선,올림픽공원역,P550,MON,11,50,1,0,510,방화역,P555,마천역,P549,둔촌동역,"[11, 16, 19, 20, 17, 14, 16, 8]",월요일
5호선,올림픽공원역,P550,MON,11,00,1,0,548,강동역,P555,마천역,P549,둔촌동역,"[7, 13, 18, 18, 18, 14, 10, 6]",월요일
5호선,올림픽공원역,P550,MON,11,10,1,0,548,강동역,P555,마천역,P549,둔촌동역,"[13, 8, 11, 10, 10, 11, 6, 4]",월요일
5호선,올림픽공원역,P550,MON,11,20,1,0,548,강동역,P555,마천역,P549,둔촌동역,"[9, 11, 14, 18, 18, 17, 9, 6]",월요일
5호선,올림픽공원역,P550,MON,11,30,1,0,548,강동역,P555,마천역,P549,둔촌동역,"[13, 9, 21, 23, 17, 17, 13, 7]",월요일
5호선,올림픽공원역,P550,MON,11,40,1,0,548,강동역,P555,마천역,P549,둔촌동역,"[8, 15, 22, 22, 18, 16, 16, 11]",월요일
5호선,올림픽공원역,P550,MON,11,50,1,0,548,강동역,P555,마천역,P549,둔촌동역,"[11, 16, 19, 20, 17, 14, 16, 8]",월요일
5호선,올림픽공원역,P550,MON,11,00,0,0,P555,마천역,540,왕십리역,P551,방이역,"[25, 16, 14, 25, 25, 23, 21, 18]",월요일
5호선,올림픽공원역,P550,MON,11,10,0,0,P555,마천역,540,왕십리역,P551,방이역,"[20, 18, 24, 22, 23, 27, 22, 21]",월요일
5호선,올림픽공원역,P550,MON,11,20,0,0,P555,마천역,540,왕십리역,P551,방이역,"[16, 14, 20, 18, 26, 24, 22, 20]",월요일
5호선,올림픽공원역,P550,MON,11,30,0,0,P555,마천역,540,왕십리역,P551,방이역,"[12, 14, 18, 19, 18, 19, 18, 17]",월요일
5호선,올림픽공원역,P550,MON,11,40,0,0,P555,마천역,540,왕십리역,P551,방이역,"[14, 16, 17, 18, 20, 18, 17, 17]",월요일
5호선,올림픽공원역,P550,MON,11,50,0,0,P555,마천역,540,왕십리역,P551,방이역,"[13, 11, 15, 18, 19, 17, 16, 19]",월요일
5호선,올림픽공원역,P550,MON,11,00,0,0,P555,마천역,526,여의도역,P551,방이역,"[25, 16, 14, 25, 25, 23, 21, 18]",월요일
5호선,올림픽공원역,P550,MON,11,10,0,0,P555,마천역,526,여의도역,P551,방이역,"[20, 18, 24, 22, 23, 27, 22, 21]",월요일
5호선,올림픽공원역,P550,MON,11,20,0,0,P555,마천역,526,여의도역,P551,방이역,"[16, 14, 20, 18, 26, 24, 22, 20]",월요일
5호선,올림픽공원역,P550,MON,11,30,0,0,P555,마천역,526,여의도역,P551,방이역,"[12, 14, 18, 19, 18, 19, 18, 17]",월요일
5호선,올림픽공원역,P550,MON,11,40,0,0,P555,마천역,526,여의도역,P551,방이역,"[14, 16, 17, 18, 20, 18, 17, 17]",월요일
5호선,올림픽공원역,P550,MON,11,50,0,0,P555,마천역,526,여의도역,P551,방이역,"[13, 11, 15, 18, 19, 17, 16, 19]",월요일
5호선,올림픽공원역,P550,MON,11,00,1,0,530,애오개역,P555,마천역,P549,둔촌동역,"[7, 13, 18, 18, 18, 14, 10, 6]",월요일
5호선,올림픽공원역,P550,MON,11,10,1,0,530,애오개역,P555,마천역,P549,둔촌동역,"[13, 8, 11, 10, 10, 11, 6, 4]",월요일
5호선,올림픽공원역,P550,MON,11,20,1,0,530,애오개역,P555,마천역,P549,둔촌동역,"[9, 11, 14, 18, 18, 17, 9, 6]",월요일
5호선,올림픽공원역,P550,MON,11,30,1,0,530,애오개역,P555,마천역,P549,둔촌동역,"[13, 9, 21, 23, 17, 17, 13, 7]",월요일
5호선,올림픽공원역,P550,MON,11,40,1,0,530,애오개역,P555,마천역,P549,둔촌동역,"[8, 15, 22, 22, 18, 16, 16, 11]",월요일
5호선,올림픽공원역,P550,MON,11,50,1,0,530,애오개역,P555,마천역,P549,둔촌동역,"[11, 16, 19, 20, 17, 14, 16, 8]",월요일
5호선,올림픽공원역,P550,MON,11,00,0,0,P555,마천역,510,방화역,P551,방이역,"[25, 16, 14, 25, 25, 23, 21, 18]",월요일
5호선,올림픽공원역,P550,MON,11,10,0,0,P555,마천역,510,방화역,P551,방이역,"[20, 18, 24, 22, 23, 27, 22, 21]",월요일
5호선,올림픽공원역,P550,MON,11,20,0,0,P555,마천역,510,방화역,P551,방이역,"[16, 14, 20, 18, 26, 24, 22, 20]",월요일
5호선,올림픽공원역,P550,MON,11,30,0,0,P555,마천역,510,방화역,P551,방이역,"[12, 14, 18, 19, 18, 19, 18, 17]",월요일
5호선,올림픽공원역,P550,MON,11,40,0,0,P555,마천역,510,방화역,P551,방이역,"[14, 16, 17, 18, 20, 18, 17, 17]",월요일
5호선,올림픽공원역,P550,MON,11,50,0,0,P555,마천역,510,방화역,P551,방이역,"[13, 11, 15, 18, 19, 17, 16, 19]",월요일
5호선,올림픽공원역,P550,MON,11,00,1,0,517,화곡역,P555,마천역,P549,둔촌동역,"[7, 13, 18, 18, 18, 14, 10, 6]",월요일
5호선,올림픽공원역,P550,MON,11,10,1,0,517,화곡역,P555,마천역,P549,둔촌동역,"[13, 8, 11, 10, 10, 11, 6, 4]",월요일
5호선,올림픽공원역,P550,MON,11,20,1,0,517,화곡역,P555,마천역,P549,둔촌동역,"[9, 11, 14, 18, 18, 17, 9, 6]",월요일
5호선,올림픽공원역,P550,MON,11,30,1,0,517,화곡역,P555,마천역,P549,둔촌동역,"[13, 9, 21, 23, 17, 17, 13, 7]",월요일
5호선,올림픽공원역,P550,MON,11,40,1,0,517,화곡역,P555,마천역,P549,둔촌동역,"[8, 15, 22, 22, 18, 16, 16, 11]",월요일
5호선,올림픽공원역,P550,MON,11,50,1,0,517,화곡역,P555,마천역,P549,둔촌동역,"[11, 16, 19, 20, 17, 14, 16, 8]",월요일
5호선,올림픽공원역,P550,MON,12,00,1,0,530,애오개역,P555,마천역,P549,둔촌동역,"[9, 12, 18, 17, 13, 12, 8, 7]",월요일
5호선,올림픽공원역,P550,MON,12,10,1,0,530,애오개역,P555,마천역,P549,둔촌동역,"[12, 18, 19, 21, 22, 16, 12, 7]",월요일
5호선,올림픽공원역,P550,MON,12,20,1,0,530,애오개역,P555,마천역,P549,둔촌동역,"[16, 12, 24, 20, 21, 26, 16, 9]",월요일
5호선,올림픽공원역,P550,MON,12,30,1,0,530,애오개역,P555,마천역,P549,둔촌동역,"[10, 9, 18, 31, 16, 14, 15, 7]",월요일
5호선,올림픽공원역,P550,MON,12,40,1,0,530,애오개역,P555,마천역,P549,둔촌동역,"[9, 14, 16, 31, 23, 17, 14, 4]",월요일
5호선,올림픽공원역,P550,MON,12,50,1,0,530,애오개역,P555,마천역,P549,둔촌동역,"[14, 17, 24, 28, 23, 21, 16, 9]",월요일
5호선,올림픽공원역,P550,MON,12,00,1,0,510,방화역,P555,마천역,P549,둔촌동역,"[9, 12, 18, 17, 13, 12, 8, 7]",월요일
5호선,올림픽공원역,P550,MON,12,10,1,0,510,방화역,P555,마천역,P549,둔촌동역,"[12, 18, 19, 21, 22, 16, 12, 7]",월요일
5호선,올림픽공원역,P550,MON,12,20,1,0,510,방화역,P555,마천역,P549,둔촌동역,"[16, 12, 24, 20, 21, 26, 16, 9]",월요일
5호선,올림픽공원역,P550,MON,12,30,1,0,510,방화역,P555,마천역,P549,둔촌동역,"[10, 9, 18, 31, 16, 14, 15, 7]",월요일
5호선,올림픽공원역,P550,MON,12,40,1,0,510,방화역,P555,마천역,P549,둔촌동역,"[9, 14, 16, 31, 23, 17, 14, 4]",월요일
5호선,올림픽공원역,P550,MON,12,50,1,0,510,방화역,P555,마천역,P549,둔촌동역,"[14, 17, 24, 28, 23, 21, 16, 9]",월요일
5호선,올림픽공원역,P550,MON,12,00,0,0,P555,마천역,526,여의도역,P551,방이역,"[15, 14, 15, 20, 21, 21, 18, 20]",월요일
5호선,올림픽공원역,P550,MON,12,10,0,0,P555,마천역,526,여의도역,P551,방이역,"[17, 20, 15, 22, 23, 17, 20, 19]",월요일
5호선,올림픽공원역,P550,MON,12,20,0,0,P555,마천역,526,여의도역,P551,방이역,"[15, 16, 18, 19, 21, 20, 18, 18]",월요일
5호선,올림픽공원역,P550,MON,12,30,0,0,P555,마천역,526,여의도역,P551,방이역,"[21, 18, 17, 20, 19, 19, 15, 15]",월요일
5호선,올림픽공원역,P550,MON,12,40,0,0,P555,마천역,526,여의도역,P551,방이역,"[12, 16, 19, 23, 23, 17, 14, 20]",월요일
5호선,올림픽공원역,P550,MON,12,50,0,0,P555,마천역,526,여의도역,P551,방이역,"[16, 16, 15, 18, 18, 19, 14, 20]",월요일
5호선,올림픽공원역,P550,MON,12,00,0,0,P555,마천역,510,방화역,P551,방이역,"[15, 14, 15, 20, 21, 21, 18, 20]",월요일
5호선,올림픽공원역,P550,MON,12,10,0,0,P555,마천역,510,방화역,P551,방이역,"[17, 20, 15, 22, 23, 17, 20, 19]",월요일
5호선,올림픽공원역,P550,MON,12,20,0,0,P555,마천역,510,방화역,P551,방이역,"[15, 16, 18, 19, 21, 20, 18, 18]",월요일
5호선,올림픽공원역,P550,MON,12,30,0,0,P555,마천역,510,방화역,P551,방이역,"[21, 18, 17, 20, 19, 19, 15, 15]",월요일
5호선,올림픽공원역,P550,MON,12,40,0,0,P555,마천역,510,방화역,P551,방이역,"[12, 16, 19, 23, 23, 17, 14, 20]",월요일
5호선,올림픽공원역,P550,MON,12,50,0,0,P555,마천역,510,방화역,P551,방이역,"[16, 16, 15, 18, 18, 19, 14, 20]",월요일
5호선,올림픽공원역,P550,MON,12,00,1,0,517,화곡역,P555,마천역,P549,둔촌동역,"[9, 12, 18, 17, 13, 12, 8, 7]",월요일
5호선,올림픽공원역,P550,MON,12,10,1,0,517,화곡역,P555,마천역,P549,둔촌동역,"[12, 18, 19, 21, 22, 16, 12, 7]",월요일
5호선,올림픽공원역,P550,MON,12,20,1,0,517,화곡역,P555,마천역,P549,둔촌동역,"[16, 12, 24, 20, 21, 26, 16, 9]",월요일
5호선,올림픽공원역,P550,MON,12,30,1,0,517,화곡역,P555,마천역,P549,둔촌동역,"[10, 9, 18, 31, 16, 14, 15, 7]",월요일
5호선,올림픽공원역,P550,MON,12,40,1,0,517,화곡역,P555,마천역,P549,둔촌동역,"[9, 14, 16, 31, 23, 17, 14, 4]",월요일
5호선,올림픽공원역,P550,MON,12,50,1,0,517,화곡역,P555,마천역,P549,둔촌동역,"[14, 17, 24, 28, 23, 21, 16, 9]",월요일
5호선,올림픽공원역,P550,MON,12,00,0,0,P555,마천역,540,왕십리역,P551,방이역,"[15, 14, 15, 20, 21, 21, 18, 20]",월요일
5호선,올림픽공원역,P550,MON,12,10,0,0,P555,마천역,540,왕십리역,P551,방이역,"[17, 20, 15, 22, 23, 17, 20, 19]",월요일
5호선,올림픽공원역,P550,MON,12,20,0,0,P555,마천역,540,왕십리역,P551,방이역,"[15, 16, 18, 19, 21, 20, 18, 18]",월요일
5호선,올림픽공원역,P550,MON,12,30,0,0,P555,마천역,540,왕십리역,P551,방이역,"[21, 18, 17, 20, 19, 19, 15, 15]",월요일
5호선,올림픽공원역,P550,MON,12,40,0,0,P555,마천역,540,왕십리역,P551,방이역,"[12, 16, 19, 23, 23, 17, 14, 20]",월요일
5호선,올림픽공원역,P550,MON,12,50,0,0,P555,마천역,540,왕십리역,P551,방이역,"[16, 16, 15, 18, 18, 19, 14, 20]",월요일
5호선,올림픽공원역,P550,MON,12,00,1,0,548,강동역,P555,마천역,P549,둔촌동역,"[9, 12, 18, 17, 13, 12, 8, 7]",월요일
5호선,올림픽공원역,P550,MON,12,10,1,0,548,강동역,P555,마천역,P549,둔촌동역,"[12, 18, 19, 21, 22, 16, 12, 7]",월요일
5호선,올림픽공원역,P550,MON,12,20,1,0,548,강동역,P555,마천역,P549,둔촌동역,"[16, 12, 24, 20, 21, 26, 16, 9]",월요일
5호선,올림픽공원역,P550,MON,12,30,1,0,548,강동역,P555,마천역,P549,둔촌동역,"[10, 9, 18, 31, 16, 14, 15, 7]",월요일
5호선,올림픽공원역,P550,MON,12,40,1,0,548,강동역,P555,마천역,P549,둔촌동역,"[9, 14, 16, 31, 23, 17, 14, 4]",월요일
5호선,올림픽공원역,P550,MON,12,50,1,0,548,강동역,P555,마천역,P549,둔촌동역,"[14, 17, 24, 28, 23, 21, 16, 9]",월요일
5호선,올림픽공원역,P550,MON,13,00,1,0,510,방화역,P555,마천역,P549,둔촌동역,"[16, 17, 22, 24, 22, 21, 15, 8]",월요일
5호선,올림픽공원역,P550,MON,13,10,1,0,510,방화역,P555,마천역,P549,둔촌동역,"[13, 18, 26, 26, 23, 22, 11, 6]",월요일
5호선,올림픽공원역,P550,MON,13,20,1,0,510,방화역,P555,마천역,P549,둔촌동역,"[12, 14, 25, 31, 23, 20, 12, 9]",월요일
5호선,올림픽공원역,P550,MON,13,30,1,0,510,방화역,P555,마천역,P549,둔촌동역,"[8, 19, 24, 26, 25, 20, 14, 8]",월요일
5호선,올림픽공원역,P550,MON,13,40,1,0,510,방화역,P555,마천역,P549,둔촌동역,"[11, 15, 24, 26, 21, 19, 12, 7]",월요일
5호선,올림픽공원역,P550,MON,13,50,1,0,510,방화역,P555,마천역,P549,둔촌동역,"[11, 16, 22, 24, 24, 18, 13, 9]",월요일
5호선,올림픽공원역,P550,MON,13,00,1,0,548,강동역,P555,마천역,P549,둔촌동역,"[16, 17, 22, 24, 22, 21, 15, 8]",월요일
5호선,올림픽공원역,P550,MON,13,10,1,0,548,강동역,P555,마천역,P549,둔촌동역,"[13, 18, 26, 26, 23, 22, 11, 6]",월요일
5호선,올림픽공원역,P550,MON,13,20,1,0,548,강동역,P555,마천역,P549,둔촌동역,"[12, 14, 25, 31, 23, 20, 12, 9]",월요일
5호선,올림픽공원역,P550,MON,13,30,1,0,548,강동역,P555,마천역,P549,둔촌동역,"[8, 19, 24, 26, 25, 20, 14, 8]",월요일
5호선,올림픽공원역,P550,MON,13,40,1,0,548,강동역,P555,마천역,P549,둔촌동역,"[11, 15, 24, 26, 21, 19, 12, 7]",월요일
5호선,올림픽공원역,P550,MON,13,50,1,0,548,강동역,P555,마천역,P549,둔촌동역,"[11, 16, 22, 24, 24, 18, 13, 9]",월요일
5호선,올림픽공원역,P550,MON,13,00,0,0,P555,마천역,540,왕십리역,P551,방이역,"[16, 19, 16, 18, 24, 22, 19, 18]",월요일
5호선,올림픽공원역,P550,MON,13,10,0,0,P555,마천역,540,왕십리역,P551,방이역,"[15, 19, 16, 31, 29, 20, 27, 28]",월요일
5호선,올림픽공원역,P550,MON,13,20,0,0,P555,마천역,540,왕십리역,P551,방이역,"[14, 19, 14, 18, 21, 18, 18, 13]",월요일
5호선,올림픽공원역,P550,MON,13,30,0,0,P555,마천역,540,왕십리역,P551,방이역,"[16, 16, 17, 20, 21, 19, 16, 19]",월요일
5호선,올림픽공원역,P550,MON,13,40,0,0,P555,마천역,540,왕십리역,P551,방이역,"[16, 15, 17, 14, 18, 17, 16, 16]",월요일
5호선,올림픽공원역,P550,MON,13,50,0,0,P555,마천역,540,왕십리역,P551,방이역,"[13, 14, 15, 16, 17, 16, 15, 15]",월요일
5호선,올림픽공원역,P550,MON,13,00,0,0,P555,마천역,526,여의도역,P551,방이역,"[16, 19, 16, 18, 24, 22, 19, 18]",월요일
5호선,올림픽공원역,P550,MON,13,10,0,0,P555,마천역,526,여의도역,P551,방이역,"[15, 19, 16, 31, 29, 20, 27, 28]",월요일
5호선,올림픽공원역,P550,MON,13,20,0,0,P555,마천역,526,여의도역,P551,방이역,"[14, 19, 14, 18, 21, 18, 18, 13]",월요일
5호선,올림픽공원역,P550,MON,13,30,0,0,P555,마천역,526,여의도역,P551,방이역,"[16, 16, 17, 20, 21, 19, 16, 19]",월요일
5호선,올림픽공원역,P550,MON,13,40,0,0,P555,마천역,526,여의도역,P551,방이역,"[16, 15, 17, 14, 18, 17, 16, 16]",월요일
5호선,올림픽공원역,P550,MON,13,50,0,0,P555,마천역,526,여의도역,P551,방이역,"[13, 14, 15, 16, 17, 16, 15, 15]",월요일
5호선,올림픽공원역,P550,MON,13,00,1,0,530,애오개역,P555,마천역,P549,둔촌동역,"[16, 17, 22, 24, 22, 21, 15, 8]",월요일
5호선,올림픽공원역,P550,MON,13,10,1,0,530,애오개역,P555,마천역,P549,둔촌동역,"[13, 18, 26, 26, 23, 22, 11, 6]",월요일
5호선,올림픽공원역,P550,MON,13,20,1,0,530,애오개역,P555,마천역,P549,둔촌동역,"[12, 14, 25, 31, 23, 20, 12, 9]",월요일
5호선,올림픽공원역,P550,MON,13,30,1,0,530,애오개역,P555,마천역,P549,둔촌동역,"[8, 19, 24, 26, 25, 20, 14, 8]",월요일
5호선,올림픽공원역,P550,MON,13,40,1,0,530,애오개역,P555,마천역,P549,둔촌동역,"[11, 15, 24, 26, 21, 19, 12, 7]",월요일
5호선,올림픽공원역,P550,MON,13,50,1,0,530,애오개역,P555,마천역,P549,둔촌동역,"[11, 16, 22, 24, 24, 18, 13, 9]",월요일
5호선,올림픽공원역,P550,MON,13,00,0,0,P555,마천역,510,방화역,P551,방이역,"[16, 19, 16, 18, 24, 22, 19, 18]",월요일
5호선,올림픽공원역,P550,MON,13,10,0,0,P555,마천역,510,방화역,P551,방이역,"[15, 19, 16, 31, 29, 20, 27, 28]",월요일
5호선,올림픽공원역,P550,MON,13,20,0,0,P555,마천역,510,방화역,P551,방이역,"[14, 19, 14, 18, 21, 18, 18, 13]",월요일
5호선,올림픽공원역,P550,MON,13,30,0,0,P555,마천역,510,방화역,P551,방이역,"[16, 16, 17, 20, 21, 19, 16, 19]",월요일
5호선,올림픽공원역,P550,MON,13,40,0,0,P555,마천역,510,방화역,P551,방이역,"[16, 15, 17, 14, 18, 17, 16, 16]",월요일
5호선,올림픽공원역,P550,MON,13,50,0,0,P555,마천역,510,방화역,P551,방이역,"[13, 14, 15, 16, 17, 16, 15, 15]",월요일
5호선,올림픽공원역,P550,MON,13,00,1,0,517,화곡역,P555,마천역,P549,둔촌동역,"[16, 17, 22, 24, 22, 21, 15, 8]",월요일
5호선,올림픽공원역,P550,MON,13,10,1,0,517,화곡역,P555,마천역,P549,둔촌동역,"[13, 18, 26, 26, 23, 22, 11, 6]",월요일
5호선,올림픽공원역,P550,MON,13,20,1,0,517,화곡역,P555,마천역,P549,둔촌동역,"[12, 14, 25, 31, 23, 20, 12, 9]",월요일
5호선,올림픽공원역,P550,MON,13,30,1,0,517,화곡역,P555,마천역,P549,둔촌동역,"[8, 19, 24, 26, 25, 20, 14, 8]",월요일
5호선,올림픽공원역,P550,MON,13,40,1,0,517,화곡역,P555,마천역,P549,둔촌동역,"[11, 15, 24, 26, 21, 19, 12, 7]",월요일
5호선,올림픽공원역,P550,MON,13,50,1,0,517,화곡역,P555,마천역,P549,둔촌동역,"[11, 16, 22, 24, 24, 18, 13, 9]",월요일
5호선,올림픽공원역,P550,MON,14,00,1,0,530,애오개역,P555,마천역,P549,둔촌동역,"[10, 20, 32, 24, 19, 18, 17, 5]",월요일
5호선,올림픽공원역,P550,MON,14,10,1,0,530,애오개역,P555,마천역,P549,둔촌동역,"[12, 18, 24, 24, 26, 23, 16, 10]",월요일
5호선,올림픽공원역,P550,MON,14,20,1,0,530,애오개역,P555,마천역,P549,둔촌동역,"[7, 16, 25, 22, 22, 23, 14, 7]",월요일
5호선,올림픽공원역,P550,MON,14,30,1,0,530,애오개역,P555,마천역,P549,둔촌동역,"[12, 15, 23, 24, 23, 26, 19, 8]",월요일
5호선,올림픽공원역,P550,MON,14,40,1,0,530,애오개역,P555,마천역,P549,둔촌동역,"[11, 9, 27, 27, 21, 26, 17, 13]",월요일
5호선,올림픽공원역,P550,MON,14,50,1,0,530,애오개역,P555,마천역,P549,둔촌동역,"[10, 12, 29, 28, 24, 26, 17, 7]",월요일
5호선,올림픽공원역,P550,MON,14,00,1,0,510,방화역,P555,마천역,P549,둔촌동역,"[10, 20, 32, 24, 19, 18, 17, 5]",월요일
5호선,올림픽공원역,P550,MON,14,10,1,0,510,방화역,P555,마천역,P549,둔촌동역,"[12, 18, 24, 24, 26, 23, 16, 10]",월요일
5호선,올림픽공원역,P550,MON,14,20,1,0,510,방화역,P555,마천역,P549,둔촌동역,"[7, 16, 25, 22, 22, 23, 14, 7]",월요일
5호선,올림픽공원역,P550,MON,14,30,1,0,510,방화역,P555,마천역,P549,둔촌동역,"[12, 15, 23, 24, 23, 26, 19, 8]",월요일
5호선,올림픽공원역,P550,MON,14,40,1,0,510,방화역,P555,마천역,P549,둔촌동역,"[11, 9, 27, 27, 21, 26, 17, 13]",월요일
5호선,올림픽공원역,P550,MON,14,50,1,0,510,방화역,P555,마천역,P549,둔촌동역,"[10, 12, 29, 28, 24, 26, 17, 7]",월요일
5호선,올림픽공원역,P550,MON,14,00,0,0,P555,마천역,526,여의도역,P551,방이역,"[9, 11, 17, 13, 16, 18, 14, 14]",월요일
5호선,올림픽공원역,P550,MON,14,10,0,0,P555,마천역,526,여의도역,P551,방이역,"[13, 12, 14, 17, 25, 12, 14, 14]",월요일
5호선,올림픽공원역,P550,MON,14,20,0,0,P555,마천역,526,여의도역,P551,방이역,"[11, 16, 14, 18, 14, 15, 15, 9]",월요일
5호선,올림픽공원역,P550,MON,14,30,0,0,P555,마천역,526,여의도역,P551,방이역,"[13, 14, 15, 16, 17, 16, 15, 15]",월요일
5호선,올림픽공원역,P550,MON,14,40,0,0,P555,마천역,526,여의도역,P551,방이역,"[11, 13, 15, 17, 21, 16, 15, 12]",월요일
5호선,올림픽공원역,P550,MON,14,50,0,0,P555,마천역,526,여의도역,P551,방이역,"[8, 13, 15, 13, 17, 15, 11, 13]",월요일
5호선,올림픽공원역,P550,MON,14,00,0,0,P555,마천역,510,방화역,P551,방이역,"[9, 11, 17, 13, 16, 18, 14, 14]",월요일
5호선,올림픽공원역,P550,MON,14,10,0,0,P555,마천역,510,방화역,P551,방이역,"[13, 12, 14, 17, 25, 12, 14, 14]",월요일
5호선,올림픽공원역,P550,MON,14,20,0,0,P555,마천역,510,방화역,P551,방이역,"[11, 16, 14, 18, 14, 15, 15, 9]",월요일
5호선,올림픽공원역,P550,MON,14,30,0,0,P555,마천역,510,방화역,P551,방이역,"[13, 14, 15, 16, 17, 16, 15, 15]",월요일
5호선,올림픽공원역,P550,MON,14,40,0,0,P555,마천역,510,방화역,P551,방이역,"[11, 13, 15, 17, 21, 16, 15, 12]",월요일
5호선,올림픽공원역,P550,MON,14,50,0,0,P555,마천역,510,방화역,P551,방이역,"[8, 13, 15, 13, 17, 15, 11, 13]",월요일
5호선,올림픽공원역,P550,MON,14,00,1,0,517,화곡역,P555,마천역,P549,둔촌동역,"[10, 20, 32, 24, 19, 18, 17, 5]",월요일
5호선,올림픽공원역,P550,MON,14,10,1,0,517,화곡역,P555,마천역,P549,둔촌동역,"[12, 18, 24, 24, 26, 23, 16, 10]",월요일
5호선,올림픽공원역,P550,MON,14,20,1,0,517,화곡역,P555,마천역,P549,둔촌동역,"[7, 16, 25, 22, 22, 23, 14, 7]",월요일
5호선,올림픽공원역,P550,MON,14,30,1,0,517,화곡역,P555,마천역,P549,둔촌동역,"[12, 15, 23, 24, 23, 26, 19, 8]",월요일
5호선,올림픽공원역,P550,MON,14,40,1,0,517,화곡역,P555,마천역,P549,둔촌동역,"[11, 9, 27, 27, 21, 26, 17, 13]",월요일
5호선,올림픽공원역,P550,MON,14,50,1,0,517,화곡역,P555,마천역,P549,둔촌동역,"[10, 12, 29, 28, 24, 26, 17, 7]",월요일
5호선,올림픽공원역,P550,MON,14,00,0,0,P555,마천역,540,왕십리역,P551,방이역,"[9, 11, 17, 13, 16, 18, 14, 14]",월요일
5호선,올림픽공원역,P550,MON,14,10,0,0,P555,마천역,540,왕십리역,P551,방이역,"[13, 12, 14, 17, 25, 12, 14, 14]",월요일
5호선,올림픽공원역,P550,MON,14,20,0,0,P555,마천역,540,왕십리역,P551,방이역,"[11, 16, 14, 18, 14, 15, 15, 9]",월요일
5호선,올림픽공원역,P550,MON,14,30,0,0,P555,마천역,540,왕십리역,P551,방이역,"[13, 14, 15, 16, 17, 16, 15, 15]",월요일
5호선,올림픽공원역,P550,MON,14,40,0,0,P555,마천역,540,왕십리역,P551,방이역,"[11, 13, 15, 17, 21, 16, 15, 12]",월요일
5호선,올림픽공원역,P550,MON,14,50,0,0,P555,마천역,540,왕십리역,P551,방이역,"[8, 13, 15, 13, 17, 15, 11, 13]",월요일
5호선,올림픽공원역,P550,MON,14,00,1,0,548,강동역,P555,마천역,P549,둔촌동역,"[10, 20, 32, 24, 19, 18, 17, 5]",월요일
5호선,올림픽공원역,P550,MON,14,10,1,0,548,강동역,P555,마천역,P549,둔촌동역,"[12, 18, 24, 24, 26, 23, 16, 10]",월요일
5호선,올림픽공원역,P550,MON,14,20,1,0,548,강동역,P555,마천역,P549,둔촌동역,"[7, 16, 25, 22, 22, 23, 14, 7]",월요일
5호선,올림픽공원역,P550,MON,14,30,1,0,548,강동역,P555,마천역,P549,둔촌동역,"[12, 15, 23, 24, 23, 26, 19, 8]",월요일
5호선,올림픽공원역,P550,MON,14,40,1,0,548,강동역,P555,마천역,P549,둔촌동역,"[11, 9, 27, 27, 21, 26, 17, 13]",월요일
5호선,올림픽공원역,P550,MON,14,50,1,0,548,강동역,P555,마천역,P549,둔촌동역,"[10, 12, 29, 28, 24, 26, 17, 7]",월요일
5호선,올림픽공원역,P550,MON,15,00,0,0,P555,마천역,540,왕십리역,P551,방이역,"[17, 12, 16, 17, 16, 14, 16, 13]",월요일
5호선,올림픽공원역,P550,MON,15,10,0,0,P555,마천역,540,왕십리역,P551,방이역,"[15, 13, 16, 19, 19, 23, 18, 13]",월요일
5호선,올림픽공원역,P550,MON,15,20,0,0,P555,마천역,540,왕십리역,P551,방이역,"[15, 8, 11, 30, 39, 29, 26, 20]",월요일
5호선,올림픽공원역,P550,MON,15,30,0,0,P555,마천역,540,왕십리역,P551,방이역,"[15, 14, 13, 19, 25, 23, 17, 17]",월요일
5호선,올림픽공원역,P550,MON,15,40,0,0,P555,마천역,540,왕십리역,P551,방이역,"[18, 10, 17, 21, 19, 17, 19, 17]",월요일
5호선,올림픽공원역,P550,MON,15,50,0,0,P555,마천역,540,왕십리역,P551,방이역,"[12, 13, 14, 20, 26, 21, 18, 20]",월요일
5호선,올림픽공원역,P550,MON,15,00,1,0,517,화곡역,P555,마천역,P549,둔촌동역,"[13, 17, 28, 25, 25, 22, 15, 7]",월요일
5호선,올림픽공원역,P550,MON,15,10,1,0,517,화곡역,P555,마천역,P549,둔촌동역,"[15, 20, 25, 28, 19, 16, 16, 14]",월요일
5호선,올림픽공원역,P550,MON,15,20,1,0,517,화곡역,P555,마천역,P549,둔촌동역,"[13, 20, 36, 31, 32, 34, 15, 13]",월요일
5호선,올림픽공원역,P550,MON,15,30,1,0,517,화곡역,P555,마천역,P549,둔촌동역,"[19, 24, 30, 36, 27, 33, 21, 10]",월요일
5호선,올림픽공원역,P550,MON,15,40,1,0,517,화곡역,P555,마천역,P549,둔촌동역,"[15, 20, 33, 28, 27, 31, 24, 15]",월요일
5호선,올림픽공원역,P550,MON,15,50,1,0,517,화곡역,P555,마천역,P549,둔촌동역,"[13, 19, 30, 36, 21, 29, 18, 9]",월요일
5호선,올림픽공원역,P550,MON,15,00,0,0,P555,마천역,526,여의도역,P551,방이역,"[17, 12, 16, 17, 16, 14, 16, 13]",월요일
5호선,올림픽공원역,P550,MON,15,10,0,0,P555,마천역,526,여의도역,P551,방이역,"[15, 13, 16, 19, 19, 23, 18, 13]",월요일
5호선,올림픽공원역,P550,MON,15,20,0,0,P555,마천역,526,여의도역,P551,방이역,"[15, 8, 11, 30, 39, 29, 26, 20]",월요일
5호선,올림픽공원역,P550,MON,15,30,0,0,P555,마천역,526,여의도역,P551,방이역,"[15, 14, 13, 19, 25, 23, 17, 17]",월요일
5호선,올림픽공원역,P550,MON,15,40,0,0,P555,마천역,526,여의도역,P551,방이역,"[18, 10, 17, 21, 19, 17, 19, 17]",월요일
5호선,올림픽공원역,P550,MON,15,50,0,0,P555,마천역,526,여의도역,P551,방이역,"[12, 13, 14, 20, 26, 21, 18, 20]",월요일
5호선,올림픽공원역,P550,MON,15,00,1,0,510,방화역,P555,마천역,P549,둔촌동역,"[13, 17, 28, 25, 25, 22, 15, 7]",월요일
5호선,올림픽공원역,P550,MON,15,10,1,0,510,방화역,P555,마천역,P549,둔촌동역,"[15, 20, 25, 28, 19, 16, 16, 14]",월요일
5호선,올림픽공원역,P550,MON,15,20,1,0,510,방화역,P555,마천역,P549,둔촌동역,"[13, 20, 36, 31, 32, 34, 15, 13]",월요일
5호선,올림픽공원역,P550,MON,15,30,1,0,510,방화역,P555,마천역,P549,둔촌동역,"[19, 24, 30, 36, 27, 33, 21, 10]",월요일
5호선,올림픽공원역,P550,MON,15,40,1,0,510,방화역,P555,마천역,P549,둔촌동역,"[15, 20, 33, 28, 27, 31, 24, 15]",월요일
5호선,올림픽공원역,P550,MON,15,50,1,0,510,방화역,P555,마천역,P549,둔촌동역,"[13, 19, 30, 36, 21, 29, 18, 9]",월요일
5호선,올림픽공원역,P550,MON,15,00,1,0,530,애오개역,P555,마천역,P549,둔촌동역,"[13, 17, 28, 25, 25, 22, 15, 7]",월요일
5호선,올림픽공원역,P550,MON,15,10,1,0,530,애오개역,P555,마천역,P549,둔촌동역,"[15, 20, 25, 28, 19, 16, 16, 14]",월요일
5호선,올림픽공원역,P550,MON,15,20,1,0,530,애오개역,P555,마천역,P549,둔촌동역,"[13, 20, 36, 31, 32, 34, 15, 13]",월요일
5호선,올림픽공원역,P550,MON,15,30,1,0,530,애오개역,P555,마천역,P549,둔촌동역,"[19, 24, 30, 36, 27, 33, 21, 10]",월요일
5호선,올림픽공원역,P550,MON,15,40,1,0,530,애오개역,P555,마천역,P549,둔촌동역,"[15, 20, 33, 28, 27, 31, 24, 15]",월요일
5호선,올림픽공원역,P550,MON,15,50,1,0,530,애오개역,P555,마천역,P549,둔촌동역,"[13, 19, 30, 36, 21, 29, 18, 9]",월요일
5호선,올림픽공원역,P550,MON,15,00,1,0,548,강동역,P555,마천역,P549,둔촌동역,"[13, 17, 28, 25, 25, 22, 15, 7]",월요일
5호선,올림픽공원역,P550,MON,15,10,1,0,548,강동역,P555,마천역,P549,둔촌동역,"[15, 20, 25, 28, 19, 16, 16, 14]",월요일
5호선,올림픽공원역,P550,MON,15,20,1,0,548,강동역,P555,마천역,P549,둔촌동역,"[13, 20, 36, 31, 32, 34, 15, 13]",월요일
5호선,올림픽공원역,P550,MON,15,30,1,0,548,강동역,P555,마천역,P549,둔촌동역,"[19, 24, 30, 36, 27, 33, 21, 10]",월요일
5호선,올림픽공원역,P550,MON,15,40,1,0,548,강동역,P555,마천역,P549,둔촌동역,"[15, 20, 33, 28, 27, 31, 24, 15]",월요일
5호선,올림픽공원역,P550,MON,15,50,1,0,548,강동역,P555,마천역,P549,둔촌동역,"[13, 19, 30, 36, 21, 29, 18, 9]",월요일
5호선,올림픽공원역,P550,MON,15,00,0,0,P555,마천역,510,방화역,P551,방이역,"[17, 12, 16, 17, 16, 14, 16, 13]",월요일
5호선,올림픽공원역,P550,MON,15,10,0,0,P555,마천역,510,방화역,P551,방이역,"[15, 13, 16, 19, 19, 23, 18, 13]",월요일
5호선,올림픽공원역,P550,MON,15,20,0,0,P555,마천역,510,방화역,P551,방이역,"[15, 8, 11, 30, 39, 29, 26, 20]",월요일
5호선,올림픽공원역,P550,MON,15,30,0,0,P555,마천역,510,방화역,P551,방이역,"[15, 14, 13, 19, 25, 23, 17, 17]",월요일
5호선,올림픽공원역,P550,MON,15,40,0,0,P555,마천역,510,방화역,P551,방이역,"[18, 10, 17, 21, 19, 17, 19, 17]",월요일
5호선,올림픽공원역,P550,MON,15,50,0,0,P555,마천역,510,방화역,P551,방이역,"[12, 13, 14, 20, 26, 21, 18, 20]",월요일
5호선,올림픽공원역,P550,MON,16,00,0,0,P555,마천역,540,왕십리역,P551,방이역,"[16, 17, 19, 20, 22, 21, 19, 19]",월요일
5호선,올림픽공원역,P550,MON,16,10,0,0,P555,마천역,540,왕십리역,P551,방이역,"[19, 14, 23, 18, 26, 24, 19, 25]",월요일
5호선,올림픽공원역,P550,MON,16,20,0,0,P555,마천역,540,왕십리역,P551,방이역,"[17, 20, 22, 24, 24, 24, 19, 19]",월요일
5호선,올림픽공원역,P550,MON,16,30,0,0,P555,마천역,540,왕십리역,P551,방이역,"[19, 24, 17, 25, 26, 26, 26, 21]",월요일
5호선,올림픽공원역,P550,MON,16,40,0,0,P555,마천역,540,왕십리역,P551,방이역,"[21, 43, 16, 27, 21, 5, 27, 32]",월요일
5호선,올림픽공원역,P550,MON,16,50,0,0,P555,마천역,540,왕십리역,P551,방이역,"[22, 23, 26, 25, 28, 19, 23, 26]",월요일
5호선,올림픽공원역,P550,MON,16,00,1,0,517,화곡역,P555,마천역,P549,둔촌동역,"[10, 22, 29, 29, 28, 21, 21, 8]",월요일
5호선,올림픽공원역,P550,MON,16,10,1,0,517,화곡역,P555,마천역,P549,둔촌동역,"[10, 27, 41, 51, 23, 39, 17, 15]",월요일
5호선,올림픽공원역,P550,MON,16,20,1,0,517,화곡역,P555,마천역,P549,둔촌동역,"[16, 21, 35, 41, 31, 32, 26, 15]",월요일
5호선,올림픽공원역,P550,MON,16,30,1,0,517,화곡역,P555,마천역,P549,둔촌동역,"[20, 24, 38, 38, 31, 41, 31, 18]",월요일
5호선,올림픽공원역,P550,MON,16,40,1,0,517,화곡역,P555,마천역,P549,둔촌동역,"[19, 33, 40, 34, 37, 39, 33, 12]",월요일
5호선,올림픽공원역,P550,MON,16,50,1,0,517,화곡역,P555,마천역,P549,둔촌동역,"[12, 13, 24, 16, 15, 22, 10, 8]",월요일
5호선,올림픽공원역,P550,MON,16,00,0,0,P555,마천역,526,여의도역,P551,방이역,"[16, 17, 19, 20, 22, 21, 19, 19]",월요일
5호선,올림픽공원역,P550,MON,16,10,0,0,P555,마천역,526,여의도역,P551,방이역,"[19, 14, 23, 18, 26, 24, 19, 25]",월요일
5호선,올림픽공원역,P550,MON,16,20,0,0,P555,마천역,526,여의도역,P551,방이역,"[17, 20, 22, 24, 24, 24, 19, 19]",월요일
5호선,올림픽공원역,P550,MON,16,30,0,0,P555,마천역,526,여의도역,P551,방이역,"[19, 24, 17, 25, 26, 26, 26, 21]",월요일
5호선,올림픽공원역,P550,MON,16,40,0,0,P555,마천역,526,여의도역,P551,방이역,"[21, 43, 16, 27, 21, 5, 27, 32]",월요일
5호선,올림픽공원역,P550,MON,16,50,0,0,P555,마천역,526,여의도역,P551,방이역,"[22, 23, 26, 25, 28, 19, 23, 26]",월요일
5호선,올림픽공원역,P550,MON,16,00,1,0,510,방화역,P555,마천역,P549,둔촌동역,"[10, 22, 29, 29, 28, 21, 21, 8]",월요일
5호선,올림픽공원역,P550,MON,16,10,1,0,510,방화역,P555,마천역,P549,둔촌동역,"[10, 27, 41, 51, 23, 39, 17, 15]",월요일
5호선,올림픽공원역,P550,MON,16,20,1,0,510,방화역,P555,마천역,P549,둔촌동역,"[16, 21, 35, 41, 31, 32, 26, 15]",월요일
5호선,올림픽공원역,P550,MON,16,30,1,0,510,방화역,P555,마천역,P549,둔촌동역,"[20, 24, 38, 38, 31, 41, 31, 18]",월요일
5호선,올림픽공원역,P550,MON,16,40,1,0,510,방화역,P555,마천역,P549,둔촌동역,"[19, 33, 40, 34, 37, 39, 33, 12]",월요일
5호선,올림픽공원역,P550,MON,16,50,1,0,510,방화역,P555,마천역,P549,둔촌동역,"[26, 30, 54, 37, 35, 49, 23, 18]",월요일
5호선,올림픽공원역,P550,MON,16,00,1,0,530,애오개역,P555,마천역,P549,둔촌동역,"[10, 22, 29, 29, 28, 21, 21, 8]",월요일
5호선,올림픽공원역,P550,MON,16,10,1,0,530,애오개역,P555,마천역,P549,둔촌동역,"[10, 27, 41, 51, 23, 39, 17, 15]",월요일
5호선,올림픽공원역,P550,MON,16,20,1,0,530,애오개역,P555,마천역,P549,둔촌동역,"[16, 21, 35, 41, 31, 32, 26, 15]",월요일
5호선,올림픽공원역,P550,MON,16,30,1,0,530,애오개역,P555,마천역,P549,둔촌동역,"[20, 24, 38, 38, 31, 41, 31, 18]",월요일
5호선,올림픽공원역,P550,MON,16,40,1,0,530,애오개역,P555,마천역,P549,둔촌동역,"[19, 33, 40, 34, 37, 39, 33, 12]",월요일
5호선,올림픽공원역,P550,MON,16,50,1,0,530,애오개역,P555,마천역,P549,둔촌동역,"[12, 13, 24, 16, 15, 22, 10, 8]",월요일
5호선,올림픽공원역,P550,MON,16,00,1,0,548,강동역,P555,마천역,P549,둔촌동역,"[10, 22, 29, 29, 28, 21, 21, 8]",월요일
5호선,올림픽공원역,P550,MON,16,10,1,0,548,강동역,P555,마천역,P549,둔촌동역,"[10, 27, 41, 51, 23, 39, 17, 15]",월요일
5호선,올림픽공원역,P550,MON,16,20,1,0,548,강동역,P555,마천역,P549,둔촌동역,"[16, 21, 35, 41, 31, 32, 26, 15]",월요일
5호선,올림픽공원역,P550,MON,16,30,1,0,548,강동역,P555,마천역,P549,둔촌동역,"[20, 24, 38, 38, 31, 41, 31, 18]",월요일
5호선,올림픽공원역,P550,MON,16,40,1,0,548,강동역,P555,마천역,P549,둔촌동역,"[19, 33, 40, 34, 37, 39, 33, 12]",월요일
5호선,올림픽공원역,P550,MON,16,50,1,0,548,강동역,P555,마천역,P549,둔촌동역,"[4, 4, 8, 5, 5, 7, 3, 3]",월요일
5호선,올림픽공원역,P550,MON,16,00,0,0,P555,마천역,510,방화역,P551,방이역,"[16, 17, 19, 20, 22, 21, 19, 19]",월요일
5호선,올림픽공원역,P550,MON,16,10,0,0,P555,마천역,510,방화역,P551,방이역,"[19, 14, 23, 18, 26, 24, 19, 25]",월요일
5호선,올림픽공원역,P550,MON,16,20,0,0,P555,마천역,510,방화역,P551,방이역,"[17, 20, 22, 24, 24, 24, 19, 19]",월요일
5호선,올림픽공원역,P550,MON,16,30,0,0,P555,마천역,510,방화역,P551,방이역,"[19, 24, 17, 25, 26, 26, 26, 21]",월요일
5호선,올림픽공원역,P550,MON,16,40,0,0,P555,마천역,510,방화역,P551,방이역,"[21, 43, 16, 27, 21, 5, 27, 32]",월요일
5호선,올림픽공원역,P550,MON,16,50,0,0,P555,마천역,510,방화역,P551,방이역,"[22, 23, 26, 25, 28, 19, 23, 26]",월요일
5호선,올림픽공원역,P550,MON,17,00,0,0,P555,마천역,540,왕십리역,P551,방이역,"[21, 24, 23, 22, 23, 18, 21, 24]",월요일
5호선,올림픽공원역,P550,MON,17,10,0,0,P555,마천역,540,왕십리역,P551,방이역,"[22, 33, 31, 29, 27, 26, 27, 28]",월요일
5호선,올림픽공원역,P550,MON,17,20,0,0,P555,마천역,540,왕십리역,P551,방이역,"[19, 24, 18, 24, 26, 26, 27, 28]",월요일
5호선,올림픽공원역,P550,MON,17,30,0,0,P555,마천역,540,왕십리역,P551,방이역,"[18, 17, 18, 25, 23, 22, 25, 27]",월요일
5호선,올림픽공원역,P550,MON,17,40,0,0,P555,마천역,540,왕십리역,P551,방이역,"[21, 17, 21, 26, 31, 32, 29, 30]",월요일
5호선,올림픽공원역,P550,MON,17,50,0,0,P555,마천역,540,왕십리역,P551,방이역,"[10, 15, 12, 17, 17, 27, 19, 20]",월요일
5호선,올림픽공원역,P550,MON,17,00,1,0,517,화곡역,P555,마천역,P549,둔촌동역,"[14, 19, 22, 20, 21, 27, 17, 12]",월요일
5호선,올림픽공원역,P550,MON,17,10,1,0,517,화곡역,P555,마천역,P549,둔촌동역,"[17, 20, 32, 31, 27, 31, 21, 13]",월요일
5호선,올림픽공원역,P550,MON,17,20,1,0,517,화곡역,P555,마천역,P549,둔촌동역,"[11, 15, 19, 20, 18, 18, 18, 8]",월요일
5호선,올림픽공원역,P550,MON,17,30,1,0,517,화곡역,P555,마천역,P549,둔촌동역,"[10, 14, 20, 18, 18, 22, 17, 10]",월요일
5호선,올림픽공원역,P550,MON,17,40,1,0,517,화곡역,P555,마천역,P549,둔촌동역,"[11, 15, 20, 19, 17, 22, 17, 8]",월요일
5호선,올림픽공원역,P550,MON,17,50,1,0,517,화곡역,P555,마천역,P549,둔촌동역,"[24, 42, 51, 44, 46, 49, 38, 25]",월요일
5호선,올림픽공원역,P550,MON,17,00,1,0,530,애오개역,P555,마천역,P549,둔촌동역,"[14, 19, 22, 20, 21, 27, 17, 12]",월요일
5호선,올림픽공원역,P550,MON,17,10,1,0,530,애오개역,P555,마천역,P549,둔촌동역,"[17, 20, 32, 31, 27, 31, 21, 13]",월요일
5호선,올림픽공원역,P550,MON,17,20,1,0,530,애오개역,P555,마천역,P549,둔촌동역,"[11, 15, 19, 20, 18, 18, 18, 8]",월요일
5호선,올림픽공원역,P550,MON,17,30,1,0,530,애오개역,P555,마천역,P549,둔촌동역,"[10, 14, 20, 18, 18, 22, 17, 10]",월요일
5호선,올림픽공원역,P550,MON,17,40,1,0,530,애오개역,P555,마천역,P549,둔촌동역,"[11, 15, 20, 19, 17, 22, 17, 8]",월요일
5호선,올림픽공원역,P550,MON,17,50,1,0,530,애오개역,P555,마천역,P549,둔촌동역,"[24, 42, 51, 44, 46, 49, 38, 25]",월요일
5호선,올림픽공원역,P550,MON,17,00,0,0,P555,마천역,526,여의도역,P551,방이역,"[21, 24, 23, 22, 23, 18, 21, 24]",월요일
5호선,올림픽공원역,P550,MON,17,10,0,0,P555,마천역,526,여의도역,P551,방이역,"[22, 33, 31, 29, 27, 26, 27, 28]",월요일
5호선,올림픽공원역,P550,MON,17,20,0,0,P555,마천역,526,여의도역,P551,방이역,"[19, 24, 18, 24, 26, 26, 27, 28]",월요일
5호선,올림픽공원역,P550,MON,17,30,0,0,P555,마천역,526,여의도역,P551,방이역,"[18, 17, 18, 25, 23, 22, 25, 27]",월요일
5호선,올림픽공원역,P550,MON,17,40,0,0,P555,마천역,526,여의도역,P551,방이역,"[21, 17, 21, 26, 31, 32, 29, 30]",월요일
5호선,올림픽공원역,P550,MON,17,50,0,0,P555,마천역,526,여의도역,P551,방이역,"[10, 15, 12, 17, 17, 27, 19, 20]",월요일
5호선,올림픽공원역,P550,MON,17,00,1,0,510,방화역,P555,마천역,P549,둔촌동역,"[26, 36, 42, 38, 40, 51, 33, 22]",월요일
5호선,올림픽공원역,P550,MON,17,10,1,0,510,방화역,P555,마천역,P549,둔촌동역,"[23, 27, 43, 41, 36, 41, 28, 17]",월요일
5호선,올림픽공원역,P550,MON,17,20,1,0,510,방화역,P555,마천역,P549,둔촌동역,"[20, 27, 35, 37, 33, 33, 33, 14]",월요일
5호선,올림픽공원역,P550,MON,17,30,1,0,510,방화역,P555,마천역,P549,둔촌동역,"[23, 31, 45, 41, 40, 49, 37, 22]",월요일
5호선,올림픽공원역,P550,MON,17,40,1,0,510,방화역,P555,마천역,P549,둔촌동역,"[24, 34, 43, 42, 36, 48, 36, 17]",월요일
5호선,올림픽공원역,P550,MON,17,50,1,0,510,방화역,P555,마천역,P549,둔촌동역,"[26, 46, 56, 49, 51, 54, 42, 28]",월요일
5호선,올림픽공원역,P550,MON,17,00,1,0,548,강동역,P555,마천역,P549,둔촌동역,"[4, 5, 6, 5, 6, 7, 5, 3]",월요일
5호선,올림픽공원역,P550,MON,17,10,1,0,548,강동역,P555,마천역,P549,둔촌동역,"[3, 3, 5, 5, 5, 5, 4, 2]",월요일
5호선,올림픽공원역,P550,MON,17,20,1,0,548,강동역,P555,마천역,P549,둔촌동역,"[4, 6, 7, 8, 7, 7, 7, 3]",월요일
5호선,올림픽공원역,P550,MON,17,30,1,0,548,강동역,P555,마천역,P549,둔촌동역,"[3, 4, 6, 6, 6, 7, 5, 3]",월요일
5호선,올림픽공원역,P550,MON,17,40,1,0,548,강동역,P555,마천역,P549,둔촌동역,"[3, 5, 6, 6, 5, 7, 5, 2]",월요일
5호선,올림픽공원역,P550,MON,17,50,1,0,548,강동역,P555,마천역,P549,둔촌동역,"[4, 6, 8, 7, 7, 7, 6, 4]",월요일
5호선,올림픽공원역,P550,MON,17,00,0,0,P555,마천역,510,방화역,P551,방이역,"[21, 24, 23, 22, 23, 18, 21, 24]",월요일
5호선,올림픽공원역,P550,MON,17,10,0,0,P555,마천역,510,방화역,P551,방이역,"[22, 33, 31, 29, 27, 26, 27, 28]",월요일
5호선,올림픽공원역,P550,MON,17,20,0,0,P555,마천역,510,방화역,P551,방이역,"[19, 24, 18, 24, 26, 26, 27, 28]",월요일
5호선,올림픽공원역,P550,MON,17,30,0,0,P555,마천역,510,방화역,P551,방이역,"[18, 17, 18, 25, 23, 22, 25, 27]",월요일
5호선,올림픽공원역,P550,MON,17,40,0,0,P555,마천역,510,방화역,P551,방이역,"[21, 17, 21, 26, 31, 32, 29, 30]",월요일
5호선,올림픽공원역,P550,MON,17,50,0,0,P555,마천역,510,방화역,P551,방이역,"[10, 15, 12, 17, 17, 27, 19, 20]",월요일
5호선,올림픽공원역,P550,MON,18,00,0,0,P555,마천역,540,왕십리역,P551,방이역,"[11, 18, 25, 24, 26, 26, 19, 26]",월요일
5호선,올림픽공원역,P550,MON,18,10,0,0,P555,마천역,540,왕십리역,P551,방이역,"[41, 37, 40, 53, 45, 52, 44, 47]",월요일
5호선,올림픽공원역,P550,MON,18,20,0,0,P555,마천역,540,왕십리역,P551,방이역,"[32, 45, 40, 56, 42, 52, 58, 52]",월요일
5호선,올림픽공원역,P550,MON,18,30,0,0,P555,마천역,540,왕십리역,P551,방이역,"[35, 34, 29, 33, 41, 48, 40, 43]",월요일
5호선,올림픽공원역,P550,MON,18,40,0,0,P555,마천역,540,왕십리역,P551,방이역,"[17, 30, 22, 29, 55, 43, 39, 37]",월요일
5호선,올림픽공원역,P550,MON,18,50,0,0,P555,마천역,540,왕십리역,P551,방이역,"[32, 31, 38, 32, 54, 39, 42, 44]",월요일
5호선,올림픽공원역,P550,MON,18,00,1,0,517,화곡역,P555,마천역,P549,둔촌동역,"[24, 35, 49, 50, 46, 56, 33, 27]",월요일
5호선,올림픽공원역,P550,MON,18,10,1,0,517,화곡역,P555,마천역,P549,둔촌동역,"[19, 21, 38, 36, 31, 40, 24, 16]",월요일
5호선,올림픽공원역,P550,MON,18,20,1,0,517,화곡역,P555,마천역,P549,둔촌동역,"[16, 19, 40, 32, 39, 43, 25, 18]",월요일
5호선,올림픽공원역,P550,MON,18,30,1,0,517,화곡역,P555,마천역,P549,둔촌동역,"[22, 36, 54, 49, 51, 52, 38, 27]",월요일
5호선,올림픽공원역,P550,MON,18,40,1,0,517,화곡역,P555,마천역,P549,둔촌동역,"[26, 37, 50, 47, 48, 56, 52, 27]",월요일
5호선,올림픽공원역,P550,MON,18,50,1,0,517,화곡역,P555,마천역,P549,둔촌동역,"[30, 38, 63, 54, 58, 49, 48, 27]",월요일
5호선,올림픽공원역,P550,MON,18,00,0,0,P555,마천역,526,여의도역,P551,방이역,"[11, 18, 25, 24, 26, 26, 19, 26]",월요일
5호선,올림픽공원역,P550,MON,18,10,0,0,P555,마천역,526,여의도역,P551,방이역,"[41, 37, 40, 53, 45, 52, 44, 47]",월요일
5호선,올림픽공원역,P550,MON,18,20,0,0,P555,마천역,526,여의도역,P551,방이역,"[32, 45, 40, 56, 42, 52, 58, 52]",월요일
5호선,올림픽공원역,P550,MON,18,30,0,0,P555,마천역,526,여의도역,P551,방이역,"[35, 34, 29, 33, 41, 48, 40, 43]",월요일
5호선,올림픽공원역,P550,MON,18,40,0,0,P555,마천역,526,여의도역,P551,방이역,"[17, 30, 22, 29, 55, 43, 39, 37]",월요일
5호선,올림픽공원역,P550,MON,18,50,0,0,P555,마천역,526,여의도역,P551,방이역,"[32, 31, 38, 32, 54, 39, 42, 44]",월요일
5호선,올림픽공원역,P550,MON,18,00,1,0,510,방화역,P555,마천역,P549,둔촌동역,"[29, 42, 58, 60, 55, 68, 39, 33]",월요일
5호선,올림픽공원역,P550,MON,18,10,1,0,510,방화역,P555,마천역,P549,둔촌동역,"[31, 34, 61, 57, 49, 64, 38, 26]",월요일
5호선,올림픽공원역,P550,MON,18,20,1,0,510,방화역,P555,마천역,P549,둔촌동역,"[26, 32, 64, 52, 63, 69, 41, 29]",월요일
5호선,올림픽공원역,P550,MON,18,30,1,0,510,방화역,P555,마천역,P549,둔촌동역,"[22, 36, 54, 49, 51, 52, 38, 27]",월요일
5호선,올림픽공원역,P550,MON,18,40,1,0,510,방화역,P555,마천역,P549,둔촌동역,"[26, 37, 50, 47, 48, 56, 52, 27]",월요일
5호선,올림픽공원역,P550,MON,18,50,1,0,510,방화역,P555,마천역,P549,둔촌동역,"[30, 38, 63, 54, 58, 49, 48, 27]",월요일
5호선,올림픽공원역,P550,MON,18,00,1,0,530,애오개역,P555,마천역,P549,둔촌동역,"[24, 35, 49, 50, 46, 56, 33, 27]",월요일
5호선,올림픽공원역,P550,MON,18,10,1,0,530,애오개역,P555,마천역,P549,둔촌동역,"[19, 21, 38, 36, 31, 40, 24, 16]",월요일
5호선,올림픽공원역,P550,MON,18,20,1,0,530,애오개역,P555,마천역,P549,둔촌동역,"[16, 19, 40, 32, 39, 43, 25, 18]",월요일
5호선,올림픽공원역,P550,MON,18,30,1,0,530,애오개역,P555,마천역,P549,둔촌동역,"[22, 36, 54, 49, 51, 52, 38, 27]",월요일
5호선,올림픽공원역,P550,MON,18,40,1,0,530,애오개역,P555,마천역,P549,둔촌동역,"[26, 37, 50, 47, 48, 56, 52, 27]",월요일
5호선,올림픽공원역,P550,MON,18,50,1,0,530,애오개역,P555,마천역,P549,둔촌동역,"[30, 38, 63, 54, 58, 49, 48, 27]",월요일
5호선,올림픽공원역,P550,MON,18,00,1,0,548,강동역,P555,마천역,P549,둔촌동역,"[4, 6, 9, 9, 8, 10, 6, 5]",월요일
5호선,올림픽공원역,P550,MON,18,10,1,0,548,강동역,P555,마천역,P549,둔촌동역,"[5, 5, 9, 9, 8, 10, 6, 4]",월요일
5호선,올림픽공원역,P550,MON,18,20,1,0,548,강동역,P555,마천역,P549,둔촌동역,"[4, 5, 10, 8, 9, 10, 6, 4]",월요일
5호선,올림픽공원역,P550,MON,18,30,1,0,548,강동역,P555,마천역,P549,둔촌동역,"[22, 36, 54, 49, 51, 52, 38, 27]",월요일
5호선,올림픽공원역,P550,MON,18,40,1,0,548,강동역,P555,마천역,P549,둔촌동역,"[26, 37, 50, 47, 48, 56, 52, 27]",월요일
5호선,올림픽공원역,P550,MON,18,50,1,0,548,강동역,P555,마천역,P549,둔촌동역,"[30, 38, 63, 54, 58, 49, 48, 27]",월요일
5호선,올림픽공원역,P550,MON,18,00,0,0,P555,마천역,510,방화역,P551,방이역,"[11, 18, 25, 24, 26, 26, 19, 26]",월요일
5호선,올림픽공원역,P550,MON,18,10,0,0,P555,마천역,510,방화역,P551,방이역,"[41, 37, 40, 53, 45, 52, 44, 47]",월요일
5호선,올림픽공원역,P550,MON,18,20,0,0,P555,마천역,510,방화역,P551,방이역,"[32, 45, 40, 56, 42, 52, 58, 52]",월요일
5호선,올림픽공원역,P550,MON,18,30,0,0,P555,마천역,510,방화역,P551,방이역,"[35, 34, 29, 33, 41, 48, 40, 43]",월요일
5호선,올림픽공원역,P550,MON,18,40,0,0,P555,마천역,510,방화역,P551,방이역,"[17, 30, 22, 29, 55, 43, 39, 37]",월요일
5호선,올림픽공원역,P550,MON,18,50,0,0,P555,마천역,510,방화역,P551,방이역,"[32, 31, 38, 32, 54, 39, 42, 44]",월요일
5호선,올림픽공원역,P550,MON,19,00,1,0,530,애오개역,P555,마천역,P549,둔촌동역,"[34, 38, 46, 48, 42, 54, 35, 23]",월요일
5호선,올림픽공원역,P550,MON,19,10,1,0,530,애오개역,P555,마천역,P549,둔촌동역,"[17, 26, 36, 36, 30, 43, 25, 18]",월요일
5호선,올림픽공원역,P550,MON,19,20,1,0,530,애오개역,P555,마천역,P549,둔촌동역,"[15, 25, 31, 26, 26, 30, 23, 17]",월요일
5호선,올림픽공원역,P550,MON,19,30,1,0,530,애오개역,P555,마천역,P549,둔촌동역,"[17, 18, 34, 25, 28, 36, 33, 18]",월요일
5호선,올림픽공원역,P550,MON,19,40,1,0,530,애오개역,P555,마천역,P549,둔촌동역,"[16, 28, 38, 27, 41, 35, 33, 21]",월요일
5호선,올림픽공원역,P550,MON,19,50,1,0,530,애오개역,P555,마천역,P549,둔촌동역,"[17, 19, 29, 30, 37, 33, 24, 18]",월요일
5호선,올림픽공원역,P550,MON,19,00,1,0,510,방화역,P555,마천역,P549,둔촌동역,"[34, 38, 46, 48, 42, 54, 35, 23]",월요일
5호선,올림픽공원역,P550,MON,19,10,1,0,510,방화역,P555,마천역,P549,둔촌동역,"[17, 26, 36, 36, 30, 43, 25, 18]",월요일
5호선,올림픽공원역,P550,MON,19,20,1,0,510,방화역,P555,마천역,P549,둔촌동역,"[15, 25, 31, 26, 26, 30, 23, 17]",월요일
5호선,올림픽공원역,P550,MON,19,30,1,0,510,방화역,P555,마천역,P549,둔촌동역,"[17, 18, 34, 25, 28, 36, 33, 18]",월요일
5호선,올림픽공원역,P550,MON,19,40,1,0,510,방화역,P555,마천역,P549,둔촌동역,"[16, 28, 38, 27, 41, 35, 33, 21]",월요일
5호선,올림픽공원역,P550,MON,19,50,1,0,510,방화역,P555,마천역,P549,둔촌동역,"[17, 19, 29, 30, 37, 33, 24, 18]",월요일
5호선,올림픽공원역,P550,MON,19,00,0,0,P555,마천역,526,여의도역,P551,방이역,"[17, 29, 20, 25, 32, 33, 35, 33]",월요일
5호선,올림픽공원역,P550,MON,19,10,0,0,P555,마천역,526,여의도역,P551,방이역,"[20, 27, 17, 24, 19, 20, 20, 29]",월요일
5호선,올림픽공원역,P550,MON,19,20,0,0,P555,마천역,526,여의도역,P551,방이역,"[21, 21, 14, 23, 29, 22, 23, 31]",월요일
5호선,올림픽공원역,P550,MON,19,30,0,0,P555,마천역,526,여의도역,P551,방이역,"[18, 19, 21, 22, 24, 23, 21, 21]",월요일
5호선,올림픽공원역,P550,MON,19,40,0,0,P555,마천역,526,여의도역,P551,방이역,"[15, 24, 17, 23, 22, 20, 16, 23]",월요일
5호선,올림픽공원역,P550,MON,19,50,0,0,P555,마천역,526,여의도역,P551,방이역,"[12, 15, 18, 17, 21, 20, 14, 19]",월요일
5호선,올림픽공원역,P550,MON,19,00,0,0,P555,마천역,510,방화역,P551,방이역,"[17, 29, 20, 25, 32, 33, 35, 33]",월요일
5호선,올림픽공원역,P550,MON,19,10,0,0,P555,마천역,510,방화역,P551,방이역,"[20, 27, 17, 24, 19, 20, 20, 29]",월요일
5호선,올림픽공원역,P550,MON,19,20,0,0,P555,마천역,510,방화역,P551,방이역,"[21, 21, 14, 23, 29, 22, 23, 31]",월요일
5호선,올림픽공원역,P550,MON,19,30,0,0,P555,마천역,510,방화역,P551,방이역,"[18, 19, 21, 22, 24, 23, 21, 21]",월요일
5호선,올림픽공원역,P550,MON,19,40,0,0,P555,마천역,510,방화역,P551,방이역,"[15, 24, 17, 23, 22, 20, 16, 23]",월요일
5호선,올림픽공원역,P550,MON,19,50,0,0,P555,마천역,510,방화역,P551,방이역,"[12, 15, 18, 17, 21, 20, 14, 19]",월요일
5호선,올림픽공원역,P550,MON,19,00,1,0,517,화곡역,P555,마천역,P549,둔촌동역,"[34, 38, 46, 48, 42, 54, 35, 23]",월요일
5호선,올림픽공원역,P550,MON,19,10,1,0,517,화곡역,P555,마천역,P549,둔촌동역,"[17, 26, 36, 36, 30, 43, 25, 18]",월요일
5호선,올림픽공원역,P550,MON,19,20,1,0,517,화곡역,P555,마천역,P549,둔촌동역,"[15, 25, 31, 26, 26, 30, 23, 17]",월요일
5호선,올림픽공원역,P550,MON,19,30,1,0,517,화곡역,P555,마천역,P549,둔촌동역,"[17, 18, 34, 25, 28, 36, 33, 18]",월요일
5호선,올림픽공원역,P550,MON,19,40,1,0,517,화곡역,P555,마천역,P549,둔촌동역,"[16, 28, 38, 27, 41, 35, 33, 21]",월요일
5호선,올림픽공원역,P550,MON,19,50,1,0,517,화곡역,P555,마천역,P549,둔촌동역,"[17, 19, 29, 30, 37, 33, 24, 18]",월요일
5호선,올림픽공원역,P550,MON,19,00,0,0,P555,마천역,540,왕십리역,P551,방이역,"[17, 29, 20, 25, 32, 33, 35, 33]",월요일
5호선,올림픽공원역,P550,MON,19,10,0,0,P555,마천역,540,왕십리역,P551,방이역,"[20, 27, 17, 24, 19, 20, 20, 29]",월요일
5호선,올림픽공원역,P550,MON,19,20,0,0,P555,마천역,540,왕십리역,P551,방이역,"[21, 21, 14, 23, 29, 22, 23, 31]",월요일
5호선,올림픽공원역,P550,MON,19,30,0,0,P555,마천역,540,왕십리역,P551,방이역,"[18, 19, 21, 22, 24, 23, 21, 21]",월요일
5호선,올림픽공원역,P550,MON,19,40,0,0,P555,마천역,540,왕십리역,P551,방이역,"[15, 24, 17, 23, 22, 20, 16, 23]",월요일
5호선,올림픽공원역,P550,MON,19,50,0,0,P555,마천역,540,왕십리역,P551,방이역,"[12, 15, 18, 17, 21, 20, 14, 19]",월요일
5호선,올림픽공원역,P550,MON,19,00,1,0,548,강동역,P555,마천역,P549,둔촌동역,"[34, 38, 46, 48, 42, 54, 35, 23]",월요일
5호선,올림픽공원역,P550,MON,19,10,1,0,548,강동역,P555,마천역,P549,둔촌동역,"[17, 26, 36, 36, 30, 43, 25, 18]",월요일
5호선,올림픽공원역,P550,MON,19,20,1,0,548,강동역,P555,마천역,P549,둔촌동역,"[15, 25, 31, 26, 26, 30, 23, 17]",월요일
5호선,올림픽공원역,P550,MON,19,30,1,0,548,강동역,P555,마천역,P549,둔촌동역,"[17, 18, 34, 25, 28, 36, 33, 18]",월요일
5호선,올림픽공원역,P550,MON,19,40,1,0,548,강동역,P555,마천역,P549,둔촌동역,"[16, 28, 38, 27, 41, 35, 33, 21]",월요일
5호선,올림픽공원역,P550,MON,19,50,1,0,548,강동역,P555,마천역,P549,둔촌동역,"[17, 19, 29, 30, 37, 33, 24, 18]",월요일
5호선,올림픽공원역,P550,MON,20,00,1,0,510,방화역,P555,마천역,P549,둔촌동역,"[18, 10, 43, 37, 49, 29, 22, 16]",월요일
5호선,올림픽공원역,P550,MON,20,10,1,0,510,방화역,P555,마천역,P549,둔촌동역,"[19, 25, 38, 34, 31, 39, 29, 17]",월요일
5호선,올림픽공원역,P550,MON,20,20,1,0,510,방화역,P555,마천역,P549,둔촌동역,"[14, 26, 36, 34, 40, 36, 31, 15]",월요일
5호선,올림픽공원역,P550,MON,20,30,1,0,510,방화역,P555,마천역,P549,둔촌동역,"[21, 22, 28, 25, 26, 35, 23, 18]",월요일
5호선,올림픽공원역,P550,MON,20,40,1,0,510,방화역,P555,마천역,P549,둔촌동역,"[16, 14, 29, 30, 34, 31, 23, 15]",월요일
5호선,올림픽공원역,P550,MON,20,50,1,0,510,방화역,P555,마천역,P549,둔촌동역,"[12, 18, 33, 20, 28, 35, 27, 18]",월요일
5호선,올림픽공원역,P550,MON,20,00,1,0,548,강동역,P555,마천역,P549,둔촌동역,"[18, 10, 43, 37, 49, 29, 22, 16]",월요일
5호선,올림픽공원역,P550,MON,20,10,1,0,548,강동역,P555,마천역,P549,둔촌동역,"[19, 25, 38, 34, 31, 39, 29, 17]",월요일
5호선,올림픽공원역,P550,MON,20,20,1,0,548,강동역,P555,마천역,P549,둔촌동역,"[14, 26, 36, 34, 40, 36, 31, 15]",월요일
5호선,올림픽공원역,P550,MON,20,30,1,0,548,강동역,P555,마천역,P549,둔촌동역,"[21, 22, 28, 25, 26, 35, 23, 18]",월요일
5호선,올림픽공원역,P550,MON,20,40,1,0,548,강동역,P555,마천역,P549,둔촌동역,"[16, 14, 29, 30, 34, 31, 23, 15]",월요일
5호선,올림픽공원역,P550,MON,20,50,1,0,548,강동역,P555,마천역,P549,둔촌동역,"[12, 18, 33, 20, 28, 35, 27, 18]",월요일
5호선,올림픽공원역,P550,MON,20,00,0,0,P555,마천역,540,왕십리역,P551,방이역,"[12, 13, 9, 20, 21, 13, 12, 13]",월요일
5호선,올림픽공원역,P550,MON,20,10,0,0,P555,마천역,540,왕십리역,P551,방이역,"[16, 14, 16, 4, 14, 14, 11, 16]",월요일
5호선,올림픽공원역,P550,MON,20,20,0,0,P555,마천역,540,왕십리역,P551,방이역,"[11, 18, 13, 11, 12, 13, 15, 12]",월요일
5호선,올림픽공원역,P550,MON,20,30,0,0,P555,마천역,540,왕십리역,P551,방이역,"[12, 8, 9, 13, 13, 9, 11, 13]",월요일
5호선,올림픽공원역,P550,MON,20,40,0,0,P555,마천역,540,왕십리역,P551,방이역,"[9, 13, 15, 12, 15, 10, 13, 18]",월요일
5호선,올림픽공원역,P550,MON,20,50,0,0,P555,마천역,540,왕십리역,P551,방이역,"[9, 8, 11, 10, 10, 11, 10, 10]",월요일
5호선,올림픽공원역,P550,MON,20,00,0,0,P555,마천역,526,여의도역,P551,방이역,"[12, 13, 9, 20, 21, 13, 12, 13]",월요일
5호선,올림픽공원역,P550,MON,20,10,0,0,P555,마천역,526,여의도역,P551,방이역,"[16, 14, 16, 4, 14, 14, 11, 16]",월요일
5호선,올림픽공원역,P550,MON,20,20,0,0,P555,마천역,526,여의도역,P551,방이역,"[11, 18, 13, 11, 12, 13, 15, 12]",월요일
5호선,올림픽공원역,P550,MON,20,30,0,0,P555,마천역,526,여의도역,P551,방이역,"[12, 8, 9, 13, 13, 9, 11, 13]",월요일
5호선,올림픽공원역,P550,MON,20,40,0,0,P555,마천역,526,여의도역,P551,방이역,"[9, 13, 15, 12, 15, 10, 13, 18]",월요일
5호선,올림픽공원역,P550,MON,20,50,0,0,P555,마천역,526,여의도역,P551,방이역,"[9, 8, 11, 10, 10, 11, 10, 10]",월요일
5호선,올림픽공원역,P550,MON,20,00,1,0,530,애오개역,P555,마천역,P549,둔촌동역,"[18, 10, 43, 37, 49, 29, 22, 16]",월요일
5호선,올림픽공원역,P550,MON,20,10,1,0,530,애오개역,P555,마천역,P549,둔촌동역,"[19, 25, 38, 34, 31, 39, 29, 17]",월요일
5호선,올림픽공원역,P550,MON,20,20,1,0,530,애오개역,P555,마천역,P549,둔촌동역,"[14, 26, 36, 34, 40, 36, 31, 15]",월요일
5호선,올림픽공원역,P550,MON,20,30,1,0,530,애오개역,P555,마천역,P549,둔촌동역,"[21, 22, 28, 25, 26, 35, 23, 18]",월요일
5호선,올림픽공원역,P550,MON,20,40,1,0,530,애오개역,P555,마천역,P549,둔촌동역,"[16, 14, 29, 30, 34, 31, 23, 15]",월요일
5호선,올림픽공원역,P550,MON,20,50,1,0,530,애오개역,P555,마천역,P549,둔촌동역,"[12, 18, 33, 20, 28, 35, 27, 18]",월요일
5호선,올림픽공원역,P550,MON,20,00,0,0,P555,마천역,510,방화역,P551,방이역,"[12, 13, 9, 20, 21, 13, 12, 13]",월요일
5호선,올림픽공원역,P550,MON,20,10,0,0,P555,마천역,510,방화역,P551,방이역,"[16, 14, 16, 4, 14, 14, 11, 16]",월요일
5호선,올림픽공원역,P550,MON,20,20,0,0,P555,마천역,510,방화역,P551,방이역,"[11, 18, 13, 11, 12, 13, 15, 12]",월요일
5호선,올림픽공원역,P550,MON,20,30,0,0,P555,마천역,510,방화역,P551,방이역,"[12, 8, 9, 13, 13, 9, 11, 13]",월요일
5호선,올림픽공원역,P550,MON,20,40,0,0,P555,마천역,510,방화역,P551,방이역,"[9, 13, 15, 12, 15, 10, 13, 18]",월요일
5호선,올림픽공원역,P550,MON,20,50,0,0,P555,마천역,510,방화역,P551,방이역,"[9, 8, 11, 10, 10, 11, 10, 10]",월요일
5호선,올림픽공원역,P550,MON,20,00,1,0,517,화곡역,P555,마천역,P549,둔촌동역,"[18, 10, 43, 37, 49, 29, 22, 16]",월요일
5호선,올림픽공원역,P550,MON,20,10,1,0,517,화곡역,P555,마천역,P549,둔촌동역,"[19, 25, 38, 34, 31, 39, 29, 17]",월요일
5호선,올림픽공원역,P550,MON,20,20,1,0,517,화곡역,P555,마천역,P549,둔촌동역,"[14, 26, 36, 34, 40, 36, 31, 15]",월요일
5호선,올림픽공원역,P550,MON,20,30,1,0,517,화곡역,P555,마천역,P549,둔촌동역,"[21, 22, 28, 25, 26, 35, 23, 18]",월요일
5호선,올림픽공원역,P550,MON,20,40,1,0,517,화곡역,P555,마천역,P549,둔촌동역,"[16, 14, 29, 30, 34, 31, 23, 15]",월요일
5호선,올림픽공원역,P550,MON,20,50,1,0,517,화곡역,P555,마천역,P549,둔촌동역,"[12, 18, 33, 20, 28, 35, 27, 18]",월요일
5호선,올림픽공원역,P550,MON,21,00,0,0,P555,마천역,540,왕십리역,P551,방이역,"[10, 11, 12, 13, 14, 13, 12, 12]",월요일
5호선,올림픽공원역,P550,MON,21,10,0,0,P555,마천역,540,왕십리역,P551,방이역,"[15, 11, 18, 14, 14, 11, 15, 14]",월요일
5호선,올림픽공원역,P550,MON,21,20,0,0,P555,마천역,540,왕십리역,P551,방이역,"[7, 9, 10, 18, 14, 17, 14, 16]",월요일
5호선,올림픽공원역,P550,MON,21,30,0,0,P555,마천역,540,왕십리역,P551,방이역,"[8, 8, 10, 7, 11, 13, 9, 15]",월요일
5호선,올림픽공원역,P550,MON,21,40,0,0,P555,마천역,540,왕십리역,P551,방이역,"[9, 10, 11, 12, 13, 12, 11, 11]",월요일
5호선,올림픽공원역,P550,MON,21,50,0,0,P555,마천역,540,왕십리역,P551,방이역,"[12, 6, 10, 14, 17, 10, 19, 16]",월요일
5호선,올림픽공원역,P550,MON,21,00,1,0,517,화곡역,P555,마천역,P549,둔촌동역,"[10, 24, 28, 31, 26, 35, 24, 13]",월요일
5호선,올림픽공원역,P550,MON,21,10,1,0,517,화곡역,P555,마천역,P549,둔촌동역,"[10, 20, 24, 34, 27, 31, 27, 10]",월요일
5호선,올림픽공원역,P550,MON,21,20,1,0,517,화곡역,P555,마천역,P549,둔촌동역,"[16, 21, 35, 23, 27, 30, 24, 16]",월요일
5호선,올림픽공원역,P550,MON,21,30,1,0,517,화곡역,P555,마천역,P549,둔촌동역,"[27, 26, 33, 38, 32, 18, 33, 19]",월요일
5호선,올림픽공원역,P550,MON,21,40,1,0,517,화곡역,P555,마천역,P549,둔촌동역,"[14, 22, 31, 37, 22, 29, 25, 12]",월요일
5호선,올림픽공원역,P550,MON,21,50,1,0,517,화곡역,P555,마천역,P549,둔촌동역,"[13, 21, 29, 32, 29, 31, 27, 19]",월요일
5호선,올림픽공원역,P550,MON,21,00,1,0,530,애오개역,P555,마천역,P549,둔촌동역,"[10, 24, 28, 31, 26, 35, 24, 13]",월요일
5호선,올림픽공원역,P550,MON,21,10,1,0,530,애오개역,P555,마천역,P549,둔촌동역,"[10, 20, 24, 34, 27, 31, 27, 10]",월요일
5호선,올림픽공원역,P550,MON,21,20,1,0,530,애오개역,P555,마천역,P549,둔촌동역,"[16, 21, 35, 23, 27, 30, 24, 16]",월요일
5호선,올림픽공원역,P550,MON,21,30,1,0,530,애오개역,P555,마천역,P549,둔촌동역,"[27, 26, 33, 38, 32, 18, 33, 19]",월요일
5호선,올림픽공원역,P550,MON,21,40,1,0,530,애오개역,P555,마천역,P549,둔촌동역,"[14, 22, 31, 37, 22, 29, 25, 12]",월요일
5호선,올림픽공원역,P550,MON,21,50,1,0,530,애오개역,P555,마천역,P549,둔촌동역,"[13, 21, 29, 32, 29, 31, 27, 19]",월요일
5호선,올림픽공원역,P550,MON,21,00,0,0,P555,마천역,526,여의도역,P551,방이역,"[10, 11, 12, 13, 14, 13, 12, 12]",월요일
5호선,올림픽공원역,P550,MON,21,10,0,0,P555,마천역,526,여의도역,P551,방이역,"[15, 11, 18, 14, 14, 11, 15, 14]",월요일
5호선,올림픽공원역,P550,MON,21,20,0,0,P555,마천역,526,여의도역,P551,방이역,"[7, 9, 10, 18, 14, 17, 14, 16]",월요일
5호선,올림픽공원역,P550,MON,21,30,0,0,P555,마천역,526,여의도역,P551,방이역,"[8, 8, 10, 7, 11, 13, 9, 15]",월요일
5호선,올림픽공원역,P550,MON,21,40,0,0,P555,마천역,526,여의도역,P551,방이역,"[9, 10, 11, 12, 13, 12, 11, 11]",월요일
5호선,올림픽공원역,P550,MON,21,50,0,0,P555,마천역,526,여의도역,P551,방이역,"[12, 6, 10, 14, 17, 10, 19, 16]",월요일
5호선,올림픽공원역,P550,MON,21,00,1,0,510,방화역,P555,마천역,P549,둔촌동역,"[10, 24, 28, 31, 26, 35, 24, 13]",월요일
5호선,올림픽공원역,P550,MON,21,10,1,0,510,방화역,P555,마천역,P549,둔촌동역,"[10, 20, 24, 34, 27, 31, 27, 10]",월요일
5호선,올림픽공원역,P550,MON,21,20,1,0,510,방화역,P555,마천역,P549,둔촌동역,"[16, 21, 35, 23, 27, 30, 24, 16]",월요일
5호선,올림픽공원역,P550,MON,21,30,1,0,510,방화역,P555,마천역,P549,둔촌동역,"[27, 26, 33, 38, 32, 18, 33, 19]",월요일
5호선,올림픽공원역,P550,MON,21,40,1,0,510,방화역,P555,마천역,P549,둔촌동역,"[14, 22, 31, 37, 22, 29, 25, 12]",월요일
5호선,올림픽공원역,P550,MON,21,50,1,0,510,방화역,P555,마천역,P549,둔촌동역,"[13, 21, 29, 32, 29, 31, 27, 19]",월요일
5호선,올림픽공원역,P550,MON,21,00,1,0,548,강동역,P555,마천역,P549,둔촌동역,"[10, 24, 28, 31, 26, 35, 24, 13]",월요일
5호선,올림픽공원역,P550,MON,21,10,1,0,548,강동역,P555,마천역,P549,둔촌동역,"[10, 20, 24, 34, 27, 31, 27, 10]",월요일
5호선,올림픽공원역,P550,MON,21,20,1,0,548,강동역,P555,마천역,P549,둔촌동역,"[16, 21, 35, 23, 27, 30, 24, 16]",월요일
5호선,올림픽공원역,P550,MON,21,30,1,0,548,강동역,P555,마천역,P549,둔촌동역,"[27, 26, 33, 38, 32, 18, 33, 19]",월요일
5호선,올림픽공원역,P550,MON,21,40,1,0,548,강동역,P555,마천역,P549,둔촌동역,"[14, 22, 31, 37, 22, 29, 25, 12]",월요일
5호선,올림픽공원역,P550,MON,21,50,1,0,548,강동역,P555,마천역,P549,둔촌동역,"[13, 21, 29, 32, 29, 31, 27, 19]",월요일
5호선,올림픽공원역,P550,MON,21,00,0,0,P555,마천역,510,방화역,P551,방이역,"[10, 11, 12, 13, 14, 13, 12, 12]",월요일
5호선,올림픽공원역,P550,MON,21,10,0,0,P555,마천역,510,방화역,P551,방이역,"[15, 11, 18, 14, 14, 11, 15, 14]",월요일
5호선,올림픽공원역,P550,MON,21,20,0,0,P555,마천역,510,방화역,P551,방이역,"[7, 9, 10, 18, 14, 17, 14, 16]",월요일
5호선,올림픽공원역,P550,MON,21,30,0,0,P555,마천역,510,방화역,P551,방이역,"[8, 8, 10, 7, 11, 13, 9, 15]",월요일
5호선,올림픽공원역,P550,MON,21,40,0,0,P555,마천역,510,방화역,P551,방이역,"[9, 10, 11, 12, 13, 12, 11, 11]",월요일
5호선,올림픽공원역,P550,MON,21,50,0,0,P555,마천역,510,방화역,P551,방이역,"[12, 6, 10, 14, 17, 10, 19, 16]",월요일
5호선,올림픽공원역,P550,MON,22,00,0,0,P555,마천역,540,왕십리역,P551,방이역,"[8, 8, 7, 12, 21, 18, 13, 8]",월요일
5호선,올림픽공원역,P550,MON,22,10,0,0,P555,마천역,540,왕십리역,P551,방이역,"[11, 12, 13, 14, 15, 14, 13, 13]",월요일
5호선,올림픽공원역,P550,MON,22,20,0,0,P555,마천역,540,왕십리역,P551,방이역,"[9, 12, 7, 21, 21, 13, 15, 15]",월요일
5호선,올림픽공원역,P550,MON,22,30,0,0,P555,마천역,540,왕십리역,P551,방이역,"[5, 8, 10, 6, 15, 8, 8, 11]",월요일
5호선,올림픽공원역,P550,MON,22,40,0,0,P555,마천역,540,왕십리역,P551,방이역,"[8, 8, 9, 9, 10, 10, 9, 9]",월요일
5호선,올림픽공원역,P550,MON,22,50,0,0,P555,마천역,540,왕십리역,P551,방이역,"[7, 7, 8, 8, 9, 9, 8, 8]",월요일
5호선,올림픽공원역,P550,MON,22,00,1,0,517,화곡역,P555,마천역,P549,둔촌동역,"[9, 19, 27, 30, 29, 34, 29, 16]",월요일
5호선,올림픽공원역,P550,MON,22,10,1,0,517,화곡역,P555,마천역,P549,둔촌동역,"[4, 20, 36, 35, 34, 39, 15, 8]",월요일
5호선,올림픽공원역,P550,MON,22,20,1,0,517,화곡역,P555,마천역,P549,둔촌동역,"[11, 20, 34, 24, 31, 34, 27, 10]",월요일
5호선,올림픽공원역,P550,MON,22,30,1,0,517,화곡역,P555,마천역,P549,둔촌동역,"[13, 14, 22, 21, 21, 29, 26, 14]",월요일
5호선,올림픽공원역,P550,MON,22,40,1,0,517,화곡역,P555,마천역,P549,둔촌동역,"[10, 22, 29, 22, 22, 21, 29, 13]",월요일
5호선,올림픽공원역,P550,MON,22,50,1,0,517,화곡역,P555,마천역,P549,둔촌동역,"[3, 12, 12, 23, 18, 19, 21, 11]",월요일
5호선,올림픽공원역,P550,MON,22,00,0,0,P555,마천역,526,여의도역,P551,방이역,"[8, 8, 7, 12, 21, 18, 13, 8]",월요일
5호선,올림픽공원역,P550,MON,22,10,0,0,P555,마천역,526,여의도역,P551,방이역,"[11, 12, 13, 14, 15, 14, 13, 13]",월요일
5호선,올림픽공원역,P550,MON,22,20,0,0,P555,마천역,526,여의도역,P551,방이역,"[9, 12, 7, 21, 21, 13, 15, 15]",월요일
5호선,올림픽공원역,P550,MON,22,30,0,0,P555,마천역,526,여의도역,P551,방이역,"[5, 8, 10, 6, 15, 8, 8, 11]",월요일
5호선,올림픽공원역,P550,MON,22,40,0,0,P555,마천역,526,여의도역,P551,방이역,"[8, 8, 9, 9, 10, 10, 9, 9]",월요일
5호선,올림픽공원역,P550,MON,22,50,0,0,P555,마천역,526,여의도역,P551,방이역,"[7, 7, 8, 8, 9, 9, 8, 8]",월요일
5호선,올림픽공원역,P550,MON,22,00,1,0,510,방화역,P555,마천역,P549,둔촌동역,"[9, 19, 27, 30, 29, 34, 29, 16]",월요일
5호선,올림픽공원역,P550,MON,22,10,1,0,510,방화역,P555,마천역,P549,둔촌동역,"[4, 20, 36, 35, 34, 39, 15, 8]",월요일
5호선,올림픽공원역,P550,MON,22,20,1,0,510,방화역,P555,마천역,P549,둔촌동역,"[11, 20, 34, 24, 31, 34, 27, 10]",월요일
5호선,올림픽공원역,P550,MON,22,30,1,0,510,방화역,P555,마천역,P549,둔촌동역,"[13, 14, 22, 21, 21, 29, 26, 14]",월요일
5호선,올림픽공원역,P550,MON,22,40,1,0,510,방화역,P555,마천역,P549,둔촌동역,"[10, 22, 29, 22, 22, 21, 29, 13]",월요일
5호선,올림픽공원역,P550,MON,22,50,1,0,510,방화역,P555,마천역,P549,둔촌동역,"[3, 12, 12, 23, 18, 19, 21, 11]",월요일
5호선,올림픽공원역,P550,MON,22,00,1,0,530,애오개역,P555,마천역,P549,둔촌동역,"[9, 19, 27, 30, 29, 34, 29, 16]",월요일
5호선,올림픽공원역,P550,MON,22,10,1,0,530,애오개역,P555,마천역,P549,둔촌동역,"[4, 20, 36, 35, 34, 39, 15, 8]",월요일
5호선,올림픽공원역,P550,MON,22,20,1,0,530,애오개역,P555,마천역,P549,둔촌동역,"[11, 20, 34, 24, 31, 34, 27, 10]",월요일
5호선,올림픽공원역,P550,MON,22,30,1,0,530,애오개역,P555,마천역,P549,둔촌동역,"[13, 14, 22, 21, 21, 29, 26, 14]",월요일
5호선,올림픽공원역,P550,MON,22,40,1,0,530,애오개역,P555,마천역,P549,둔촌동역,"[10, 22, 29, 22, 22, 21, 29, 13]",월요일
5호선,올림픽공원역,P550,MON,22,50,1,0,530,애오개역,P555,마천역,P549,둔촌동역,"[3, 12, 12, 23, 18, 19, 21, 11]",월요일
5호선,올림픽공원역,P550,MON,22,00,1,0,548,강동역,P555,마천역,P549,둔촌동역,"[9, 19, 27, 30, 29, 34, 29, 16]",월요일
5호선,올림픽공원역,P550,MON,22,10,1,0,548,강동역,P555,마천역,P549,둔촌동역,"[4, 20, 36, 35, 34, 39, 15, 8]",월요일
5호선,올림픽공원역,P550,MON,22,20,1,0,548,강동역,P555,마천역,P549,둔촌동역,"[11, 20, 34, 24, 31, 34, 27, 10]",월요일
5호선,올림픽공원역,P550,MON,22,30,1,0,548,강동역,P555,마천역,P549,둔촌동역,"[13, 14, 22, 21, 21, 29, 26, 14]",월요일
5호선,올림픽공원역,P550,MON,22,40,1,0,548,강동역,P555,마천역,P549,둔촌동역,"[10, 22, 29, 22, 22, 21, 29, 13]",월요일
5호선,올림픽공원역,P550,MON,22,50,1,0,548,강동역,P555,마천역,P549,둔촌동역,"[3, 12, 12, 23, 18, 19, 21, 11]",월요일
5호선,올림픽공원역,P550,MON,22,00,0,0,P555,마천역,510,방화역,P551,방이역,"[8, 8, 7, 12, 21, 18, 13, 8]",월요일
5호선,올림픽공원역,P550,MON,22,10,0,0,P555,마천역,510,방화역,P551,방이역,"[11, 12, 13, 14, 15, 14, 13, 13]",월요일
5호선,올림픽공원역,P550,MON,22,20,0,0,P555,마천역,510,방화역,P551,방이역,"[9, 12, 7, 21, 21, 13, 15, 15]",월요일
5호선,올림픽공원역,P550,MON,22,30,0,0,P555,마천역,510,방화역,P551,방이역,"[5, 8, 10, 6, 15, 8, 8, 11]",월요일
5호선,올림픽공원역,P550,MON,22,40,0,0,P555,마천역,510,방화역,P551,방이역,"[8, 8, 9, 9, 10, 10, 9, 9]",월요일
5호선,올림픽공원역,P550,MON,22,50,0,0,P555,마천역,510,방화역,P551,방이역,"[7, 7, 8, 8, 9, 9, 8, 8]",월요일
5호선,올림픽공원역,P550,MON,23,00,0,0,P555,마천역,540,왕십리역,P551,방이역,"[5, 9, 9, 10, 7, 10, 8, 6]",월요일
5호선,올림픽공원역,P550,MON,23,10,0,0,P555,마천역,540,왕십리역,P551,방이역,"[6, 6, 7, 7, 8, 8, 7, 7]",월요일
5호선,올림픽공원역,P550,MON,23,20,0,0,P555,마천역,540,왕십리역,P551,방이역,"[3, 4, 6, 5, 5, 5, 13, 6]",월요일
5호선,올림픽공원역,P550,MON,23,30,0,0,P555,마천역,540,왕십리역,P551,방이역,"[3, 3, 3, 3, 3, 3, 3, 3]",월요일
5호선,올림픽공원역,P550,MON,23,40,0,0,P555,마천역,540,왕십리역,P551,방이역,"[3, 3, 3, 3, 3, 3, 3, 3]",월요일
5호선,올림픽공원역,P550,MON,23,50,0,0,P555,마천역,540,왕십리역,P551,방이역,"[3, 3, 3, 3, 3, 3, 3, 3]",월요일
5호선,올림픽공원역,P550,MON,23,00,1,0,517,화곡역,P555,마천역,P549,둔촌동역,"[8, 13, 19, 24, 23, 20, 16, 12]",월요일
5호선,올림픽공원역,P550,MON,23,10,1,0,517,화곡역,P555,마천역,P549,둔촌동역,"[9, 14, 21, 18, 14, 22, 25, 13]",월요일
5호선,올림픽공원역,P550,MON,23,20,1,0,517,화곡역,P555,마천역,P549,둔촌동역,"[4, 12, 8, 14, 20, 20, 12, 14]",월요일
5호선,올림픽공원역,P550,MON,23,30,1,0,517,화곡역,P555,마천역,P549,둔촌동역,"[7, 7, 18, 12, 15, 21, 15, 7]",월요일
5호선,올림픽공원역,P550,MON,23,40,1,0,517,화곡역,P555,마천역,P549,둔촌동역,"[8, 8, 15, 11, 14, 13, 11, 7]",월요일
5호선,올림픽공원역,P550,MON,23,50,1,0,517,화곡역,P555,마천역,P549,둔촌동역,"[8, 10, 14, 14, 13, 13, 10, 6]",월요일
5호선,올림픽공원역,P550,MON,23,00,1,0,530,애오개역,P555,마천역,P549,둔촌동역,"[8, 13, 19, 24, 23, 20, 16, 12]",월요일
5호선,올림픽공원역,P550,MON,23,10,1,0,530,애오개역,P555,마천역,P549,둔촌동역,"[9, 14, 21, 18, 14, 22, 25, 13]",월요일
5호선,올림픽공원역,P550,MON,23,20,1,0,530,애오개역,P555,마천역,P549,둔촌동역,"[4, 12, 8, 14, 20, 20, 12, 14]",월요일
5호선,올림픽공원역,P550,MON,23,30,1,0,530,애오개역,P555,마천역,P549,둔촌동역,"[7, 7, 18, 12, 15, 21, 15, 7]",월요일
5호선,올림픽공원역,P550,MON,23,40,1,0,530,애오개역,P555,마천역,P549,둔촌동역,"[8, 8, 15, 11, 14, 13, 11, 7]",월요일
5호선,올림픽공원역,P550,MON,23,50,1,0,530,애오개역,P555,마천역,P549,둔촌동역,"[8, 10, 14, 14, 13, 13, 10, 6]",월요일
5호선,올림픽공원역,P550,MON,23,00,0,0,P555,마천역,526,여의도역,P551,방이역,"[5, 9, 9, 10, 7, 10, 8, 6]",월요일
5호선,올림픽공원역,P550,MON,23,10,0,0,P555,마천역,526,여의도역,P551,방이역,"[6, 6, 7, 7, 8, 8, 7, 7]",월요일
5호선,올림픽공원역,P550,MON,23,20,0,0,P555,마천역,526,여의도역,P551,방이역,"[3, 4, 6, 5, 5, 5, 13, 6]",월요일
5호선,올림픽공원역,P550,MON,23,30,0,0,P555,마천역,526,여의도역,P551,방이역,"[3, 4, 4, 4, 5, 4, 4, 4]",월요일
5호선,올림픽공원역,P550,MON,23,40,0,0,P555,마천역,526,여의도역,P551,방이역,"[3, 3, 3, 3, 3, 3, 3, 3]",월요일
5호선,올림픽공원역,P550,MON,23,50,0,0,P555,마천역,526,여의도역,P551,방이역,"[3, 3, 3, 3, 3, 3, 3, 3]",월요일
5호선,올림픽공원역,P550,MON,23,00,1,0,510,방화역,P555,마천역,P549,둔촌동역,"[8, 13, 19, 24, 23, 20, 16, 12]",월요일
5호선,올림픽공원역,P550,MON,23,10,1,0,510,방화역,P555,마천역,P549,둔촌동역,"[9, 14, 21, 18, 14, 22, 25, 13]",월요일
5호선,올림픽공원역,P550,MON,23,20,1,0,510,방화역,P555,마천역,P549,둔촌동역,"[4, 12, 8, 14, 20, 20, 12, 14]",월요일
5호선,올림픽공원역,P550,MON,23,30,1,0,510,방화역,P555,마천역,P549,둔촌동역,"[7, 7, 18, 12, 15, 21, 15, 7]",월요일
5호선,올림픽공원역,P550,MON,23,40,1,0,510,방화역,P555,마천역,P549,둔촌동역,"[8, 8, 15, 11, 14, 13, 11, 7]",월요일
5호선,올림픽공원역,P550,MON,23,50,1,0,510,방화역,P555,마천역,P549,둔촌동역,"[8, 10, 14, 14, 13, 13, 10, 6]",월요일
5호선,올림픽공원역,P550,MON,23,00,1,0,548,강동역,P555,마천역,P549,둔촌동역,"[8, 13, 19, 24, 23, 20, 16, 12]",월요일
5호선,올림픽공원역,P550,MON,23,10,1,0,548,강동역,P555,마천역,P549,둔촌동역,"[9, 14, 21, 18, 14, 22, 25, 13]",월요일
5호선,올림픽공원역,P550,MON,23,20,1,0,548,강동역,P555,마천역,P549,둔촌동역,"[4, 12, 8, 14, 20, 20, 12, 14]",월요일
5호선,올림픽공원역,P550,MON,23,30,1,0,548,강동역,P555,마천역,P549,둔촌동역,"[7, 7, 18, 12, 15, 21, 15, 7]",월요일
5호선,올림픽공원역,P550,MON,23,40,1,0,548,강동역,P555,마천역,P549,둔촌동역,"[8, 8, 15, 11, 14, 13, 11, 7]",월요일
5호선,올림픽공원역,P550,MON,23,50,1,0,548,강동역,P555,마천역,P549,둔촌동역,"[8, 10, 14, 14, 13, 13, 10, 6]",월요일
5호선,올림픽공원역,P550,MON,23,00,0,0,P555,마천역,510,방화역,P551,방이역,"[5, 9, 9, 10, 7, 10, 8, 6]",월요일
5호선,올림픽공원역,P550,MON,23,10,0,0,P555,마천역,510,방화역,P551,방이역,"[6, 6, 7, 7, 8, 8, 7, 7]",월요일
5호선,올림픽공원역,P550,MON,23,20,0,0,P555,마천역,510,방화역,P551,방이역,"[3, 4, 6, 5, 5, 5, 13, 6]",월요일
5호선,올림픽공원역,P550,MON,23,30,0,0,P555,마천역,510,방화역,P551,방이역,"[5, 5, 6, 6, 7, 7, 6, 6]",월요일
5호선,올림픽공원역,P550,MON,23,40,0,0,P555,마천역,510,방화역,P551,방이역,"[3, 3, 3, 3, 3, 3, 3, 3]",월요일
5호선,올림픽공원역,P550,MON,23,50,0,0,P555,마천역,510,방화역,P551,방이역,"[3, 3, 3, 3, 3, 3, 3, 3]",월요일
